timestamp,container,cpu_pct,mem_usage,mem_limit,mem_pct
2026-02-22T12:29:56Z,sxng-exp-15,0.00%,83.69MiB,200MiB,41.84%
2026-02-22T12:29:56Z,sxng-exp-18,0.00%,83.7MiB,200MiB,41.85%
2026-02-22T12:29:56Z,sxng-exp-08,0.00%,83.71MiB,200MiB,41.85%
2026-02-22T12:29:56Z,sxng-exp-04,0.00%,83.68MiB,200MiB,41.84%
2026-02-22T12:29:56Z,sxng-exp-10,0.00%,83.69MiB,200MiB,41.84%
2026-02-22T12:29:56Z,sxng-exp-11,0.00%,83.7MiB,200MiB,41.85%
2026-02-22T12:29:56Z,sxng-exp-13,0.00%,83.69MiB,200MiB,41.84%
2026-02-22T12:29:56Z,sxng-exp-17,0.00%,83.71MiB,200MiB,41.86%
2026-02-22T12:29:56Z,sxng-exp-19,0.00%,83.71MiB,200MiB,41.85%
2026-02-22T12:29:56Z,sxng-exp-07,0.00%,83.7MiB,200MiB,41.85%
2026-02-22T12:29:56Z,sxng-exp-16,0.00%,83.7MiB,200MiB,41.85%
2026-02-22T12:29:56Z,sxng-exp-12,0.00%,83.7MiB,200MiB,41.85%
2026-02-22T12:29:56Z,sxng-exp-14,0.00%,83.71MiB,200MiB,41.86%
2026-02-22T12:29:56Z,sxng-exp-03,0.00%,83.7MiB,200MiB,41.85%
2026-02-22T12:29:56Z,sxng-exp-01,0.00%,83.69MiB,200MiB,41.85%
2026-02-22T12:29:56Z,sxng-exp-09,0.00%,83.7MiB,200MiB,41.85%
2026-02-22T12:29:56Z,sxng-exp-02,0.00%,83.71MiB,200MiB,41.86%
2026-02-22T12:29:56Z,sxng-exp-06,0.00%,83.7MiB,200MiB,41.85%
2026-02-22T12:29:56Z,sxng-exp-20,0.00%,83.68MiB,200MiB,41.84%
2026-02-22T12:29:56Z,sxng-exp-05,0.00%,83.69MiB,200MiB,41.85%
2026-02-22T12:30:02Z,sxng-exp-15,0.00%,83.69MiB,200MiB,41.84%
2026-02-22T12:30:02Z,sxng-exp-18,0.00%,83.7MiB,200MiB,41.85%
2026-02-22T12:30:02Z,sxng-exp-08,0.00%,83.71MiB,200MiB,41.85%
2026-02-22T12:30:02Z,sxng-exp-04,0.00%,83.68MiB,200MiB,41.84%
2026-02-22T12:30:02Z,sxng-exp-10,0.00%,83.69MiB,200MiB,41.84%
2026-02-22T12:30:02Z,sxng-exp-11,0.00%,83.7MiB,200MiB,41.85%
2026-02-22T12:30:02Z,sxng-exp-13,0.00%,83.69MiB,200MiB,41.84%
2026-02-22T12:30:02Z,sxng-exp-17,0.00%,83.71MiB,200MiB,41.86%
2026-02-22T12:30:02Z,sxng-exp-19,0.00%,83.71MiB,200MiB,41.85%
2026-02-22T12:30:02Z,sxng-exp-07,0.00%,83.7MiB,200MiB,41.85%
2026-02-22T12:30:02Z,sxng-exp-16,0.00%,83.7MiB,200MiB,41.85%
2026-02-22T12:30:02Z,sxng-exp-12,0.00%,83.7MiB,200MiB,41.85%
2026-02-22T12:30:02Z,sxng-exp-14,0.00%,83.71MiB,200MiB,41.86%
2026-02-22T12:30:02Z,sxng-exp-03,0.00%,83.7MiB,200MiB,41.85%
2026-02-22T12:30:02Z,sxng-exp-01,0.00%,83.69MiB,200MiB,41.85%
2026-02-22T12:30:02Z,sxng-exp-09,0.00%,83.7MiB,200MiB,41.85%
2026-02-22T12:30:02Z,sxng-exp-02,0.00%,83.71MiB,200MiB,41.86%
2026-02-22T12:30:02Z,sxng-exp-06,0.00%,83.7MiB,200MiB,41.85%
2026-02-22T12:30:02Z,sxng-exp-20,0.00%,83.68MiB,200MiB,41.84%
2026-02-22T12:30:02Z,sxng-exp-05,0.00%,83.69MiB,200MiB,41.85%
2026-02-22T12:30:08Z,sxng-exp-15,0.00%,83.69MiB,200MiB,41.84%
2026-02-22T12:30:08Z,sxng-exp-18,0.00%,83.7MiB,200MiB,41.85%
2026-02-22T12:30:08Z,sxng-exp-08,0.00%,83.71MiB,200MiB,41.85%
2026-02-22T12:30:08Z,sxng-exp-04,0.00%,83.68MiB,200MiB,41.84%
2026-02-22T12:30:08Z,sxng-exp-10,0.00%,83.69MiB,200MiB,41.84%
2026-02-22T12:30:08Z,sxng-exp-11,0.00%,83.7MiB,200MiB,41.85%
2026-02-22T12:30:08Z,sxng-exp-13,0.00%,83.69MiB,200MiB,41.84%
2026-02-22T12:30:08Z,sxng-exp-17,0.00%,83.71MiB,200MiB,41.86%
2026-02-22T12:30:08Z,sxng-exp-19,0.00%,83.71MiB,200MiB,41.85%
2026-02-22T12:30:08Z,sxng-exp-07,0.00%,83.7MiB,200MiB,41.85%
2026-02-22T12:30:08Z,sxng-exp-16,0.00%,83.7MiB,200MiB,41.85%
2026-02-22T12:30:08Z,sxng-exp-12,0.00%,83.7MiB,200MiB,41.85%
2026-02-22T12:30:08Z,sxng-exp-14,0.00%,83.71MiB,200MiB,41.86%
2026-02-22T12:30:08Z,sxng-exp-03,0.00%,83.7MiB,200MiB,41.85%
2026-02-22T12:30:08Z,sxng-exp-01,0.00%,83.69MiB,200MiB,41.85%
2026-02-22T12:30:08Z,sxng-exp-09,0.00%,83.7MiB,200MiB,41.85%
2026-02-22T12:30:08Z,sxng-exp-02,0.00%,83.71MiB,200MiB,41.86%
2026-02-22T12:30:08Z,sxng-exp-06,0.00%,83.7MiB,200MiB,41.85%
2026-02-22T12:30:08Z,sxng-exp-20,0.00%,83.68MiB,200MiB,41.84%
2026-02-22T12:30:08Z,sxng-exp-05,0.00%,83.69MiB,200MiB,41.85%
2026-02-22T12:30:14Z,sxng-exp-15,0.00%,83.69MiB,200MiB,41.84%
2026-02-22T12:30:14Z,sxng-exp-18,0.00%,83.7MiB,200MiB,41.85%
2026-02-22T12:30:14Z,sxng-exp-08,0.00%,83.71MiB,200MiB,41.85%
2026-02-22T12:30:14Z,sxng-exp-04,0.00%,83.68MiB,200MiB,41.84%
2026-02-22T12:30:14Z,sxng-exp-10,0.00%,83.69MiB,200MiB,41.84%
2026-02-22T12:30:14Z,sxng-exp-11,0.00%,83.7MiB,200MiB,41.85%
2026-02-22T12:30:14Z,sxng-exp-13,0.00%,83.69MiB,200MiB,41.84%
2026-02-22T12:30:14Z,sxng-exp-17,0.00%,83.71MiB,200MiB,41.86%
2026-02-22T12:30:14Z,sxng-exp-19,0.00%,83.71MiB,200MiB,41.85%
2026-02-22T12:30:14Z,sxng-exp-07,0.00%,83.7MiB,200MiB,41.85%
2026-02-22T12:30:14Z,sxng-exp-16,0.00%,83.7MiB,200MiB,41.85%
2026-02-22T12:30:14Z,sxng-exp-12,0.00%,83.7MiB,200MiB,41.85%
2026-02-22T12:30:14Z,sxng-exp-14,0.00%,83.71MiB,200MiB,41.86%
2026-02-22T12:30:14Z,sxng-exp-03,0.00%,83.7MiB,200MiB,41.85%
2026-02-22T12:30:14Z,sxng-exp-01,0.00%,97.07MiB,200MiB,48.54%
2026-02-22T12:30:14Z,sxng-exp-09,0.00%,83.7MiB,200MiB,41.85%
2026-02-22T12:30:14Z,sxng-exp-02,0.00%,83.71MiB,200MiB,41.86%
2026-02-22T12:30:14Z,sxng-exp-06,0.00%,83.7MiB,200MiB,41.85%
2026-02-22T12:30:14Z,sxng-exp-20,0.00%,83.68MiB,200MiB,41.84%
2026-02-22T12:30:14Z,sxng-exp-05,0.00%,83.69MiB,200MiB,41.85%
2026-02-22T12:30:20Z,sxng-exp-15,0.00%,83.69MiB,200MiB,41.84%
2026-02-22T12:30:20Z,sxng-exp-18,0.00%,83.7MiB,200MiB,41.85%
2026-02-22T12:30:20Z,sxng-exp-08,0.00%,83.71MiB,200MiB,41.85%
2026-02-22T12:30:20Z,sxng-exp-04,0.00%,83.68MiB,200MiB,41.84%
2026-02-22T12:30:20Z,sxng-exp-10,0.00%,83.69MiB,200MiB,41.84%
2026-02-22T12:30:20Z,sxng-exp-11,0.00%,83.7MiB,200MiB,41.85%
2026-02-22T12:30:20Z,sxng-exp-13,0.00%,83.69MiB,200MiB,41.84%
2026-02-22T12:30:20Z,sxng-exp-17,0.00%,83.71MiB,200MiB,41.86%
2026-02-22T12:30:20Z,sxng-exp-19,0.00%,83.71MiB,200MiB,41.85%
2026-02-22T12:30:20Z,sxng-exp-07,0.00%,83.7MiB,200MiB,41.85%
2026-02-22T12:30:20Z,sxng-exp-16,0.00%,83.7MiB,200MiB,41.85%
2026-02-22T12:30:20Z,sxng-exp-12,0.00%,83.7MiB,200MiB,41.85%
2026-02-22T12:30:20Z,sxng-exp-14,0.00%,83.71MiB,200MiB,41.86%
2026-02-22T12:30:20Z,sxng-exp-03,5.72%,97.82MiB,200MiB,48.91%
2026-02-22T12:30:20Z,sxng-exp-01,0.00%,96.66MiB,200MiB,48.33%
2026-02-22T12:30:20Z,sxng-exp-09,0.00%,83.7MiB,200MiB,41.85%
2026-02-22T12:30:20Z,sxng-exp-02,0.00%,101.1MiB,200MiB,50.57%
2026-02-22T12:30:20Z,sxng-exp-06,0.00%,83.7MiB,200MiB,41.85%
2026-02-22T12:30:20Z,sxng-exp-20,0.00%,83.68MiB,200MiB,41.84%
2026-02-22T12:30:20Z,sxng-exp-05,0.00%,83.69MiB,200MiB,41.85%
2026-02-22T12:30:27Z,sxng-exp-15,0.00%,83.69MiB,200MiB,41.84%
2026-02-22T12:30:27Z,sxng-exp-18,0.00%,83.7MiB,200MiB,41.85%
2026-02-22T12:30:27Z,sxng-exp-08,0.00%,83.71MiB,200MiB,41.85%
2026-02-22T12:30:27Z,sxng-exp-04,0.00%,97.08MiB,200MiB,48.54%
2026-02-22T12:30:27Z,sxng-exp-10,0.00%,83.69MiB,200MiB,41.84%
2026-02-22T12:30:27Z,sxng-exp-11,0.00%,83.7MiB,200MiB,41.85%
2026-02-22T12:30:27Z,sxng-exp-13,0.00%,83.69MiB,200MiB,41.84%
2026-02-22T12:30:27Z,sxng-exp-17,0.00%,83.71MiB,200MiB,41.86%
2026-02-22T12:30:27Z,sxng-exp-19,0.00%,83.71MiB,200MiB,41.85%
2026-02-22T12:30:27Z,sxng-exp-07,0.00%,83.7MiB,200MiB,41.85%
2026-02-22T12:30:27Z,sxng-exp-16,0.00%,83.7MiB,200MiB,41.85%
2026-02-22T12:30:27Z,sxng-exp-12,0.00%,83.7MiB,200MiB,41.85%
2026-02-22T12:30:27Z,sxng-exp-14,0.00%,83.71MiB,200MiB,41.86%
2026-02-22T12:30:27Z,sxng-exp-03,0.00%,96.45MiB,200MiB,48.22%
2026-02-22T12:30:27Z,sxng-exp-01,0.00%,96.26MiB,200MiB,48.13%
2026-02-22T12:30:27Z,sxng-exp-09,0.00%,83.7MiB,200MiB,41.85%
2026-02-22T12:30:27Z,sxng-exp-02,0.00%,100.5MiB,200MiB,50.27%
2026-02-22T12:30:27Z,sxng-exp-06,0.00%,83.7MiB,200MiB,41.85%
2026-02-22T12:30:27Z,sxng-exp-20,0.00%,83.68MiB,200MiB,41.84%
2026-02-22T12:30:27Z,sxng-exp-05,6.26%,96.34MiB,200MiB,48.17%
2026-02-22T12:30:32Z,sxng-exp-15,0.00%,83.69MiB,200MiB,41.84%
2026-02-22T12:30:32Z,sxng-exp-18,0.00%,83.7MiB,200MiB,41.85%
2026-02-22T12:30:32Z,sxng-exp-08,0.00%,83.71MiB,200MiB,41.85%
2026-02-22T12:30:32Z,sxng-exp-04,0.00%,96.79MiB,200MiB,48.39%
2026-02-22T12:30:32Z,sxng-exp-10,0.00%,83.69MiB,200MiB,41.84%
2026-02-22T12:30:32Z,sxng-exp-11,0.00%,83.7MiB,200MiB,41.85%
2026-02-22T12:30:32Z,sxng-exp-13,0.00%,83.69MiB,200MiB,41.84%
2026-02-22T12:30:32Z,sxng-exp-17,0.00%,83.71MiB,200MiB,41.86%
2026-02-22T12:30:32Z,sxng-exp-19,0.00%,83.71MiB,200MiB,41.85%
2026-02-22T12:30:32Z,sxng-exp-07,18.86%,96.43MiB,200MiB,48.21%
2026-02-22T12:30:32Z,sxng-exp-16,0.00%,83.7MiB,200MiB,41.85%
2026-02-22T12:30:32Z,sxng-exp-12,0.00%,83.7MiB,200MiB,41.85%
2026-02-22T12:30:32Z,sxng-exp-14,0.00%,83.71MiB,200MiB,41.86%
2026-02-22T12:30:32Z,sxng-exp-03,0.00%,96.37MiB,200MiB,48.18%
2026-02-22T12:30:32Z,sxng-exp-01,0.00%,95.87MiB,200MiB,47.93%
2026-02-22T12:30:32Z,sxng-exp-09,0.00%,83.7MiB,200MiB,41.85%
2026-02-22T12:30:32Z,sxng-exp-02,0.00%,100.5MiB,200MiB,50.27%
2026-02-22T12:30:32Z,sxng-exp-06,0.00%,97.58MiB,200MiB,48.79%
2026-02-22T12:30:32Z,sxng-exp-20,0.00%,83.68MiB,200MiB,41.84%
2026-02-22T12:30:32Z,sxng-exp-05,0.00%,95.57MiB,200MiB,47.79%
2026-02-22T12:30:39Z,sxng-exp-15,0.00%,83.69MiB,200MiB,41.84%
2026-02-22T12:30:39Z,sxng-exp-18,0.00%,83.7MiB,200MiB,41.85%
2026-02-22T12:30:39Z,sxng-exp-08,0.00%,98.34MiB,200MiB,49.17%
2026-02-22T12:30:39Z,sxng-exp-04,0.00%,96.59MiB,200MiB,48.29%
2026-02-22T12:30:39Z,sxng-exp-10,0.00%,83.69MiB,200MiB,41.84%
2026-02-22T12:30:39Z,sxng-exp-11,0.00%,83.7MiB,200MiB,41.85%
2026-02-22T12:30:39Z,sxng-exp-13,0.00%,83.69MiB,200MiB,41.84%
2026-02-22T12:30:39Z,sxng-exp-17,0.00%,83.71MiB,200MiB,41.86%
2026-02-22T12:30:39Z,sxng-exp-19,0.00%,83.71MiB,200MiB,41.85%
2026-02-22T12:30:39Z,sxng-exp-07,0.00%,95.87MiB,200MiB,47.93%
2026-02-22T12:30:39Z,sxng-exp-16,0.00%,83.7MiB,200MiB,41.85%
2026-02-22T12:30:39Z,sxng-exp-12,0.00%,83.7MiB,200MiB,41.85%
2026-02-22T12:30:39Z,sxng-exp-14,0.00%,83.71MiB,200MiB,41.86%
2026-02-22T12:30:39Z,sxng-exp-03,0.00%,96.16MiB,200MiB,48.08%
2026-02-22T12:30:39Z,sxng-exp-01,0.00%,95.87MiB,200MiB,47.94%
2026-02-22T12:30:39Z,sxng-exp-09,8.55%,96.96MiB,200MiB,48.48%
2026-02-22T12:30:39Z,sxng-exp-02,0.00%,100.8MiB,200MiB,50.40%
2026-02-22T12:30:39Z,sxng-exp-06,0.00%,96.96MiB,200MiB,48.48%
2026-02-22T12:30:39Z,sxng-exp-20,0.00%,83.68MiB,200MiB,41.84%
2026-02-22T12:30:39Z,sxng-exp-05,0.00%,95.57MiB,200MiB,47.79%
2026-02-22T12:30:45Z,sxng-exp-15,0.00%,83.69MiB,200MiB,41.84%
2026-02-22T12:30:45Z,sxng-exp-18,0.00%,83.7MiB,200MiB,41.85%
2026-02-22T12:30:45Z,sxng-exp-08,0.00%,97.82MiB,200MiB,48.91%
2026-02-22T12:30:45Z,sxng-exp-04,0.00%,96.18MiB,200MiB,48.09%
2026-02-22T12:30:45Z,sxng-exp-10,19.25%,97.96MiB,200MiB,48.98%
2026-02-22T12:30:45Z,sxng-exp-11,0.00%,83.7MiB,200MiB,41.85%
2026-02-22T12:30:45Z,sxng-exp-13,0.00%,83.69MiB,200MiB,41.84%
2026-02-22T12:30:45Z,sxng-exp-17,0.00%,83.71MiB,200MiB,41.86%
2026-02-22T12:30:45Z,sxng-exp-19,0.00%,83.71MiB,200MiB,41.85%
2026-02-22T12:30:45Z,sxng-exp-07,0.00%,95.86MiB,200MiB,47.93%
2026-02-22T12:30:45Z,sxng-exp-16,0.00%,83.7MiB,200MiB,41.85%
2026-02-22T12:30:45Z,sxng-exp-12,0.00%,83.7MiB,200MiB,41.85%
2026-02-22T12:30:45Z,sxng-exp-14,0.00%,83.71MiB,200MiB,41.86%
2026-02-22T12:30:45Z,sxng-exp-03,0.00%,96.03MiB,200MiB,48.02%
2026-02-22T12:30:45Z,sxng-exp-01,0.00%,95.87MiB,200MiB,47.94%
2026-02-22T12:30:45Z,sxng-exp-09,0.00%,96.8MiB,200MiB,48.40%
2026-02-22T12:30:45Z,sxng-exp-02,0.00%,100.6MiB,200MiB,50.28%
2026-02-22T12:30:45Z,sxng-exp-06,0.00%,96.71MiB,200MiB,48.35%
2026-02-22T12:30:45Z,sxng-exp-20,0.00%,83.68MiB,200MiB,41.84%
2026-02-22T12:30:45Z,sxng-exp-05,0.00%,95.57MiB,200MiB,47.79%
2026-02-22T12:30:51Z,sxng-exp-15,0.00%,83.69MiB,200MiB,41.84%
2026-02-22T12:30:51Z,sxng-exp-18,0.00%,83.7MiB,200MiB,41.85%
2026-02-22T12:30:51Z,sxng-exp-08,0.00%,97.75MiB,200MiB,48.88%
2026-02-22T12:30:51Z,sxng-exp-04,0.00%,96.17MiB,200MiB,48.09%
2026-02-22T12:30:51Z,sxng-exp-10,0.00%,97.88MiB,200MiB,48.94%
2026-02-22T12:30:51Z,sxng-exp-11,0.00%,99.32MiB,200MiB,49.66%
2026-02-22T12:30:51Z,sxng-exp-13,0.00%,83.69MiB,200MiB,41.84%
2026-02-22T12:30:51Z,sxng-exp-17,0.00%,83.71MiB,200MiB,41.86%
2026-02-22T12:30:51Z,sxng-exp-19,0.00%,83.71MiB,200MiB,41.85%
2026-02-22T12:30:51Z,sxng-exp-07,0.00%,95.86MiB,200MiB,47.93%
2026-02-22T12:30:51Z,sxng-exp-16,0.00%,83.7MiB,200MiB,41.85%
2026-02-22T12:30:51Z,sxng-exp-12,11.72%,95.17MiB,200MiB,47.59%
2026-02-22T12:30:51Z,sxng-exp-14,0.00%,83.71MiB,200MiB,41.86%
2026-02-22T12:30:51Z,sxng-exp-03,0.00%,96.03MiB,200MiB,48.02%
2026-02-22T12:30:51Z,sxng-exp-01,0.00%,95.87MiB,200MiB,47.94%
2026-02-22T12:30:51Z,sxng-exp-09,0.00%,96.12MiB,200MiB,48.06%
2026-02-22T12:30:51Z,sxng-exp-02,0.00%,100.6MiB,200MiB,50.28%
2026-02-22T12:30:51Z,sxng-exp-06,0.00%,96.84MiB,200MiB,48.42%
2026-02-22T12:30:51Z,sxng-exp-20,0.00%,83.68MiB,200MiB,41.84%
2026-02-22T12:30:51Z,sxng-exp-05,0.00%,95.57MiB,200MiB,47.78%
2026-02-22T12:30:57Z,sxng-exp-15,0.00%,83.69MiB,200MiB,41.84%
2026-02-22T12:30:57Z,sxng-exp-18,0.00%,83.7MiB,200MiB,41.85%
2026-02-22T12:30:57Z,sxng-exp-08,0.00%,97.75MiB,200MiB,48.88%
2026-02-22T12:30:57Z,sxng-exp-04,0.00%,96.17MiB,200MiB,48.09%
2026-02-22T12:30:57Z,sxng-exp-10,0.00%,97.05MiB,200MiB,48.53%
2026-02-22T12:30:57Z,sxng-exp-11,0.00%,98.86MiB,200MiB,49.43%
2026-02-22T12:30:57Z,sxng-exp-13,0.00%,97.91MiB,200MiB,48.96%
2026-02-22T12:30:57Z,sxng-exp-17,0.00%,83.71MiB,200MiB,41.86%
2026-02-22T12:30:57Z,sxng-exp-19,0.00%,83.71MiB,200MiB,41.85%
2026-02-22T12:30:57Z,sxng-exp-07,0.00%,96.11MiB,200MiB,48.05%
2026-02-22T12:30:57Z,sxng-exp-16,0.00%,83.7MiB,200MiB,41.85%
2026-02-22T12:30:57Z,sxng-exp-12,0.00%,96.14MiB,200MiB,48.07%
2026-02-22T12:30:57Z,sxng-exp-14,0.00%,83.71MiB,200MiB,41.86%
2026-02-22T12:30:57Z,sxng-exp-03,0.00%,96.03MiB,200MiB,48.02%
2026-02-22T12:30:57Z,sxng-exp-01,0.00%,95.87MiB,200MiB,47.94%
2026-02-22T12:30:57Z,sxng-exp-09,0.00%,96.12MiB,200MiB,48.06%
2026-02-22T12:30:57Z,sxng-exp-02,0.00%,100.6MiB,200MiB,50.28%
2026-02-22T12:30:57Z,sxng-exp-06,0.00%,96.6MiB,200MiB,48.30%
2026-02-22T12:30:57Z,sxng-exp-20,0.00%,83.68MiB,200MiB,41.84%
2026-02-22T12:30:57Z,sxng-exp-05,0.00%,95.57MiB,200MiB,47.78%
2026-02-22T12:31:03Z,sxng-exp-15,0.00%,96.95MiB,200MiB,48.47%
2026-02-22T12:31:03Z,sxng-exp-18,0.00%,83.7MiB,200MiB,41.85%
2026-02-22T12:31:03Z,sxng-exp-08,0.00%,97.76MiB,200MiB,48.88%
2026-02-22T12:31:03Z,sxng-exp-04,0.00%,96.17MiB,200MiB,48.09%
2026-02-22T12:31:03Z,sxng-exp-10,0.00%,96.8MiB,200MiB,48.40%
2026-02-22T12:31:03Z,sxng-exp-11,0.00%,98.86MiB,200MiB,49.43%
2026-02-22T12:31:03Z,sxng-exp-13,0.00%,97.21MiB,200MiB,48.60%
2026-02-22T12:31:03Z,sxng-exp-17,0.00%,83.71MiB,200MiB,41.86%
2026-02-22T12:31:03Z,sxng-exp-19,0.00%,83.71MiB,200MiB,41.85%
2026-02-22T12:31:03Z,sxng-exp-07,0.00%,96.11MiB,200MiB,48.05%
2026-02-22T12:31:03Z,sxng-exp-16,0.00%,83.7MiB,200MiB,41.85%
2026-02-22T12:31:03Z,sxng-exp-12,0.00%,95.66MiB,200MiB,47.83%
2026-02-22T12:31:03Z,sxng-exp-14,0.00%,98.28MiB,200MiB,49.14%
2026-02-22T12:31:03Z,sxng-exp-03,0.00%,96.03MiB,200MiB,48.02%
2026-02-22T12:31:03Z,sxng-exp-01,0.00%,95.87MiB,200MiB,47.94%
2026-02-22T12:31:03Z,sxng-exp-09,0.00%,96.12MiB,200MiB,48.06%
2026-02-22T12:31:03Z,sxng-exp-02,0.00%,100.6MiB,200MiB,50.28%
2026-02-22T12:31:03Z,sxng-exp-06,0.00%,96.6MiB,200MiB,48.30%
2026-02-22T12:31:03Z,sxng-exp-20,0.00%,83.68MiB,200MiB,41.84%
2026-02-22T12:31:03Z,sxng-exp-05,0.00%,95.57MiB,200MiB,47.78%
2026-02-22T12:31:09Z,sxng-exp-15,0.00%,96.09MiB,200MiB,48.04%
2026-02-22T12:31:09Z,sxng-exp-18,0.00%,83.7MiB,200MiB,41.85%
2026-02-22T12:31:09Z,sxng-exp-08,0.00%,97.76MiB,200MiB,48.88%
2026-02-22T12:31:09Z,sxng-exp-04,0.00%,96.17MiB,200MiB,48.09%
2026-02-22T12:31:09Z,sxng-exp-10,0.00%,96.65MiB,200MiB,48.33%
2026-02-22T12:31:09Z,sxng-exp-11,0.00%,99.11MiB,200MiB,49.56%
2026-02-22T12:31:09Z,sxng-exp-13,0.00%,97.21MiB,200MiB,48.60%
2026-02-22T12:31:09Z,sxng-exp-17,0.00%,98.48MiB,200MiB,49.24%
2026-02-22T12:31:09Z,sxng-exp-19,0.00%,83.71MiB,200MiB,41.85%
2026-02-22T12:31:09Z,sxng-exp-07,0.00%,95.86MiB,200MiB,47.93%
2026-02-22T12:31:09Z,sxng-exp-16,0.00%,97.38MiB,200MiB,48.69%
2026-02-22T12:31:09Z,sxng-exp-12,0.00%,95.55MiB,200MiB,47.78%
2026-02-22T12:31:09Z,sxng-exp-14,0.00%,97.91MiB,200MiB,48.96%
2026-02-22T12:31:09Z,sxng-exp-03,0.00%,96.03MiB,200MiB,48.02%
2026-02-22T12:31:09Z,sxng-exp-01,0.00%,95.87MiB,200MiB,47.94%
2026-02-22T12:31:09Z,sxng-exp-09,0.00%,96.12MiB,200MiB,48.06%
2026-02-22T12:31:09Z,sxng-exp-02,0.00%,100.6MiB,200MiB,50.28%
2026-02-22T12:31:09Z,sxng-exp-06,0.00%,96.6MiB,200MiB,48.30%
2026-02-22T12:31:09Z,sxng-exp-20,0.00%,83.68MiB,200MiB,41.84%
2026-02-22T12:31:09Z,sxng-exp-05,0.00%,95.57MiB,200MiB,47.78%
2026-02-22T12:31:15Z,sxng-exp-15,0.00%,96.05MiB,200MiB,48.02%
2026-02-22T12:31:15Z,sxng-exp-18,0.00%,95.95MiB,200MiB,47.98%
2026-02-22T12:31:15Z,sxng-exp-08,0.00%,97.76MiB,200MiB,48.88%
2026-02-22T12:31:15Z,sxng-exp-04,0.00%,96.17MiB,200MiB,48.09%
2026-02-22T12:31:15Z,sxng-exp-10,0.00%,96.65MiB,200MiB,48.33%
2026-02-22T12:31:15Z,sxng-exp-11,0.00%,98.87MiB,200MiB,49.43%
2026-02-22T12:31:15Z,sxng-exp-13,0.00%,97.27MiB,200MiB,48.63%
2026-02-22T12:31:15Z,sxng-exp-17,0.00%,97.5MiB,200MiB,48.75%
2026-02-22T12:31:15Z,sxng-exp-19,0.68%,103.4MiB,200MiB,51.70%
2026-02-22T12:31:15Z,sxng-exp-07,0.00%,95.86MiB,200MiB,47.93%
2026-02-22T12:31:15Z,sxng-exp-16,0.00%,96.87MiB,200MiB,48.44%
2026-02-22T12:31:15Z,sxng-exp-12,0.00%,95.55MiB,200MiB,47.78%
2026-02-22T12:31:15Z,sxng-exp-14,0.00%,97.9MiB,200MiB,48.95%
2026-02-22T12:31:15Z,sxng-exp-03,0.00%,96.03MiB,200MiB,48.02%
2026-02-22T12:31:15Z,sxng-exp-01,0.00%,95.87MiB,200MiB,47.94%
2026-02-22T12:31:15Z,sxng-exp-09,0.00%,96.12MiB,200MiB,48.06%
2026-02-22T12:31:15Z,sxng-exp-02,0.00%,100.6MiB,200MiB,50.28%
2026-02-22T12:31:15Z,sxng-exp-06,0.00%,96.6MiB,200MiB,48.30%
2026-02-22T12:31:15Z,sxng-exp-20,0.00%,83.68MiB,200MiB,41.84%
2026-02-22T12:31:15Z,sxng-exp-05,0.00%,95.57MiB,200MiB,47.78%
2026-02-22T12:31:21Z,sxng-exp-15,0.00%,96.05MiB,200MiB,48.02%
2026-02-22T12:31:21Z,sxng-exp-18,0.00%,95.84MiB,200MiB,47.92%
2026-02-22T12:31:21Z,sxng-exp-08,0.00%,97.76MiB,200MiB,48.88%
2026-02-22T12:31:21Z,sxng-exp-04,0.00%,96.17MiB,200MiB,48.09%
2026-02-22T12:31:21Z,sxng-exp-10,0.00%,96.65MiB,200MiB,48.33%
2026-02-22T12:31:21Z,sxng-exp-11,0.00%,98.62MiB,200MiB,49.31%
2026-02-22T12:31:21Z,sxng-exp-13,0.00%,97.02MiB,200MiB,48.51%
2026-02-22T12:31:21Z,sxng-exp-17,0.00%,97.09MiB,200MiB,48.55%
2026-02-22T12:31:21Z,sxng-exp-19,0.00%,102.4MiB,200MiB,51.20%
2026-02-22T12:31:21Z,sxng-exp-07,0.00%,95.86MiB,200MiB,47.93%
2026-02-22T12:31:21Z,sxng-exp-16,0.00%,96.67MiB,200MiB,48.33%
2026-02-22T12:31:21Z,sxng-exp-12,0.00%,95.55MiB,200MiB,47.78%
2026-02-22T12:31:21Z,sxng-exp-14,0.00%,98.15MiB,200MiB,49.08%
2026-02-22T12:31:21Z,sxng-exp-03,0.00%,96.03MiB,200MiB,48.02%
2026-02-22T12:31:21Z,sxng-exp-01,0.00%,95.87MiB,200MiB,47.94%
2026-02-22T12:31:21Z,sxng-exp-09,0.00%,96.12MiB,200MiB,48.06%
2026-02-22T12:31:21Z,sxng-exp-02,0.00%,100.6MiB,200MiB,50.28%
2026-02-22T12:31:21Z,sxng-exp-06,0.00%,96.6MiB,200MiB,48.30%
2026-02-22T12:31:21Z,sxng-exp-20,0.00%,97.01MiB,200MiB,48.51%
2026-02-22T12:31:21Z,sxng-exp-05,0.00%,95.57MiB,200MiB,47.78%
2026-02-22T12:31:27Z,sxng-exp-15,0.00%,95.89MiB,200MiB,47.94%
2026-02-22T12:31:27Z,sxng-exp-18,0.00%,95.75MiB,200MiB,47.88%
2026-02-22T12:31:27Z,sxng-exp-08,0.00%,97.76MiB,200MiB,48.88%
2026-02-22T12:31:27Z,sxng-exp-04,0.00%,96.17MiB,200MiB,48.09%
2026-02-22T12:31:27Z,sxng-exp-10,0.00%,96.65MiB,200MiB,48.33%
2026-02-22T12:31:27Z,sxng-exp-11,0.00%,98.62MiB,200MiB,49.31%
2026-02-22T12:31:27Z,sxng-exp-13,0.00%,97.02MiB,200MiB,48.51%
2026-02-22T12:31:27Z,sxng-exp-17,0.00%,97.09MiB,200MiB,48.55%
2026-02-22T12:31:27Z,sxng-exp-19,0.00%,102.1MiB,200MiB,51.05%
2026-02-22T12:31:27Z,sxng-exp-07,0.00%,95.86MiB,200MiB,47.93%
2026-02-22T12:31:27Z,sxng-exp-16,0.00%,96.92MiB,200MiB,48.46%
2026-02-22T12:31:27Z,sxng-exp-12,0.00%,95.55MiB,200MiB,47.78%
2026-02-22T12:31:27Z,sxng-exp-14,0.00%,97.91MiB,200MiB,48.95%
2026-02-22T12:31:27Z,sxng-exp-03,0.00%,96.03MiB,200MiB,48.02%
2026-02-22T12:31:27Z,sxng-exp-01,0.00%,98.83MiB,200MiB,49.42%
2026-02-22T12:31:27Z,sxng-exp-09,0.00%,96.12MiB,200MiB,48.06%
2026-02-22T12:31:27Z,sxng-exp-02,0.00%,102.5MiB,200MiB,51.24%
2026-02-22T12:31:27Z,sxng-exp-06,0.00%,96.6MiB,200MiB,48.30%
2026-02-22T12:31:27Z,sxng-exp-20,0.00%,96.59MiB,200MiB,48.29%
2026-02-22T12:31:27Z,sxng-exp-05,0.00%,95.57MiB,200MiB,47.78%
2026-02-22T12:31:33Z,sxng-exp-15,0.00%,95.89MiB,200MiB,47.94%
2026-02-22T12:31:33Z,sxng-exp-18,0.00%,95.74MiB,200MiB,47.87%
2026-02-22T12:31:33Z,sxng-exp-08,0.00%,97.76MiB,200MiB,48.88%
2026-02-22T12:31:33Z,sxng-exp-04,10.21%,100.9MiB,200MiB,50.46%
2026-02-22T12:31:33Z,sxng-exp-10,0.00%,96.65MiB,200MiB,48.33%
2026-02-22T12:31:33Z,sxng-exp-11,0.00%,98.62MiB,200MiB,49.31%
2026-02-22T12:31:33Z,sxng-exp-13,0.00%,97.02MiB,200MiB,48.51%
2026-02-22T12:31:33Z,sxng-exp-17,0.00%,97.1MiB,200MiB,48.55%
2026-02-22T12:31:33Z,sxng-exp-19,0.00%,101.7MiB,200MiB,50.84%
2026-02-22T12:31:33Z,sxng-exp-07,0.00%,95.86MiB,200MiB,47.93%
2026-02-22T12:31:33Z,sxng-exp-16,0.00%,96.67MiB,200MiB,48.34%
2026-02-22T12:31:33Z,sxng-exp-12,0.00%,95.55MiB,200MiB,47.78%
2026-02-22T12:31:33Z,sxng-exp-14,0.00%,97.91MiB,200MiB,48.95%
2026-02-22T12:31:33Z,sxng-exp-03,0.00%,98.73MiB,200MiB,49.37%
2026-02-22T12:31:33Z,sxng-exp-01,0.00%,98.69MiB,200MiB,49.35%
2026-02-22T12:31:33Z,sxng-exp-09,0.00%,96.12MiB,200MiB,48.06%
2026-02-22T12:31:33Z,sxng-exp-02,0.00%,101.8MiB,200MiB,50.91%
2026-02-22T12:31:33Z,sxng-exp-06,0.00%,96.6MiB,200MiB,48.30%
2026-02-22T12:31:33Z,sxng-exp-20,0.00%,96.23MiB,200MiB,48.12%
2026-02-22T12:31:33Z,sxng-exp-05,0.00%,95.57MiB,200MiB,47.78%
2026-02-22T12:31:39Z,sxng-exp-15,0.00%,95.89MiB,200MiB,47.94%
2026-02-22T12:31:39Z,sxng-exp-18,0.00%,95.74MiB,200MiB,47.87%
2026-02-22T12:31:39Z,sxng-exp-08,0.00%,97.76MiB,200MiB,48.88%
2026-02-22T12:31:39Z,sxng-exp-04,0.00%,100.6MiB,200MiB,50.28%
2026-02-22T12:31:39Z,sxng-exp-10,0.00%,96.65MiB,200MiB,48.33%
2026-02-22T12:31:39Z,sxng-exp-11,0.00%,98.62MiB,200MiB,49.31%
2026-02-22T12:31:39Z,sxng-exp-13,0.00%,97.02MiB,200MiB,48.51%
2026-02-22T12:31:39Z,sxng-exp-17,0.00%,97.1MiB,200MiB,48.55%
2026-02-22T12:31:39Z,sxng-exp-19,0.00%,101.7MiB,200MiB,50.84%
2026-02-22T12:31:39Z,sxng-exp-07,0.00%,95.86MiB,200MiB,47.93%
2026-02-22T12:31:39Z,sxng-exp-16,0.00%,96.46MiB,200MiB,48.23%
2026-02-22T12:31:39Z,sxng-exp-12,0.00%,95.55MiB,200MiB,47.78%
2026-02-22T12:31:39Z,sxng-exp-14,0.00%,97.91MiB,200MiB,48.95%
2026-02-22T12:31:39Z,sxng-exp-03,0.00%,98.36MiB,200MiB,49.18%
2026-02-22T12:31:39Z,sxng-exp-01,0.00%,98.69MiB,200MiB,49.35%
2026-02-22T12:31:39Z,sxng-exp-09,0.00%,96.12MiB,200MiB,48.06%
2026-02-22T12:31:39Z,sxng-exp-02,0.00%,101.8MiB,200MiB,50.91%
2026-02-22T12:31:39Z,sxng-exp-06,2.71%,98.77MiB,200MiB,49.39%
2026-02-22T12:31:39Z,sxng-exp-20,0.00%,96.24MiB,200MiB,48.12%
2026-02-22T12:31:39Z,sxng-exp-05,0.00%,98.03MiB,200MiB,49.02%
2026-02-22T12:31:45Z,sxng-exp-15,0.00%,95.89MiB,200MiB,47.94%
2026-02-22T12:31:45Z,sxng-exp-18,0.00%,95.74MiB,200MiB,47.87%
2026-02-22T12:31:45Z,sxng-exp-08,10.39%,102.6MiB,200MiB,51.32%
2026-02-22T12:31:45Z,sxng-exp-04,0.00%,100.1MiB,200MiB,50.04%
2026-02-22T12:31:45Z,sxng-exp-10,0.00%,96.65MiB,200MiB,48.33%
2026-02-22T12:31:45Z,sxng-exp-11,0.00%,98.62MiB,200MiB,49.31%
2026-02-22T12:31:45Z,sxng-exp-13,0.00%,97.02MiB,200MiB,48.51%
2026-02-22T12:31:45Z,sxng-exp-17,0.00%,97.1MiB,200MiB,48.55%
2026-02-22T12:31:45Z,sxng-exp-19,0.00%,101.7MiB,200MiB,50.84%
2026-02-22T12:31:45Z,sxng-exp-07,0.00%,98.77MiB,200MiB,49.38%
2026-02-22T12:31:45Z,sxng-exp-16,0.00%,96.46MiB,200MiB,48.23%
2026-02-22T12:31:45Z,sxng-exp-12,0.00%,95.55MiB,200MiB,47.78%
2026-02-22T12:31:45Z,sxng-exp-14,0.00%,97.91MiB,200MiB,48.95%
2026-02-22T12:31:45Z,sxng-exp-03,0.00%,97.91MiB,200MiB,48.96%
2026-02-22T12:31:45Z,sxng-exp-01,0.00%,98.7MiB,200MiB,49.35%
2026-02-22T12:31:45Z,sxng-exp-09,0.00%,96.12MiB,200MiB,48.06%
2026-02-22T12:31:45Z,sxng-exp-02,0.00%,101.8MiB,200MiB,50.90%
2026-02-22T12:31:45Z,sxng-exp-06,0.00%,97.94MiB,200MiB,48.97%
2026-02-22T12:31:45Z,sxng-exp-20,0.00%,96.24MiB,200MiB,48.12%
2026-02-22T12:31:45Z,sxng-exp-05,0.00%,97.53MiB,200MiB,48.77%
2026-02-22T12:31:51Z,sxng-exp-15,0.00%,95.89MiB,200MiB,47.94%
2026-02-22T12:31:51Z,sxng-exp-18,0.00%,95.74MiB,200MiB,47.87%
2026-02-22T12:31:51Z,sxng-exp-08,0.00%,102.6MiB,200MiB,51.31%
2026-02-22T12:31:51Z,sxng-exp-04,0.00%,99.82MiB,200MiB,49.91%
2026-02-22T12:31:51Z,sxng-exp-10,7.62%,98.91MiB,200MiB,49.46%
2026-02-22T12:31:51Z,sxng-exp-11,0.00%,98.62MiB,200MiB,49.31%
2026-02-22T12:31:51Z,sxng-exp-13,0.00%,97.02MiB,200MiB,48.51%
2026-02-22T12:31:51Z,sxng-exp-17,0.00%,97.03MiB,200MiB,48.51%
2026-02-22T12:31:51Z,sxng-exp-19,0.00%,101.7MiB,200MiB,50.84%
2026-02-22T12:31:51Z,sxng-exp-07,0.00%,98.77MiB,200MiB,49.38%
2026-02-22T12:31:51Z,sxng-exp-16,0.00%,96.46MiB,200MiB,48.23%
2026-02-22T12:31:51Z,sxng-exp-12,0.00%,95.55MiB,200MiB,47.78%
2026-02-22T12:31:51Z,sxng-exp-14,0.00%,97.91MiB,200MiB,48.95%
2026-02-22T12:31:51Z,sxng-exp-03,0.00%,97.91MiB,200MiB,48.96%
2026-02-22T12:31:51Z,sxng-exp-01,0.00%,98.7MiB,200MiB,49.35%
2026-02-22T12:31:51Z,sxng-exp-09,0.00%,98.1MiB,200MiB,49.05%
2026-02-22T12:31:51Z,sxng-exp-02,0.00%,101.6MiB,200MiB,50.78%
2026-02-22T12:31:51Z,sxng-exp-06,0.00%,97.91MiB,200MiB,48.96%
2026-02-22T12:31:51Z,sxng-exp-20,0.00%,96.24MiB,200MiB,48.12%
2026-02-22T12:31:51Z,sxng-exp-05,0.00%,97.41MiB,200MiB,48.70%
2026-02-22T12:31:57Z,sxng-exp-15,0.00%,95.89MiB,200MiB,47.94%
2026-02-22T12:31:57Z,sxng-exp-18,0.00%,95.74MiB,200MiB,47.87%
2026-02-22T12:31:57Z,sxng-exp-08,0.00%,102.5MiB,200MiB,51.24%
2026-02-22T12:31:57Z,sxng-exp-04,0.00%,99.58MiB,200MiB,49.79%
2026-02-22T12:31:57Z,sxng-exp-10,0.00%,98.53MiB,200MiB,49.27%
2026-02-22T12:31:57Z,sxng-exp-11,0.00%,100.6MiB,200MiB,50.28%
2026-02-22T12:31:57Z,sxng-exp-13,0.00%,97.02MiB,200MiB,48.51%
2026-02-22T12:31:57Z,sxng-exp-17,0.00%,97.03MiB,200MiB,48.51%
2026-02-22T12:31:57Z,sxng-exp-19,0.00%,101.7MiB,200MiB,50.84%
2026-02-22T12:31:57Z,sxng-exp-07,0.00%,98.64MiB,200MiB,49.32%
2026-02-22T12:31:57Z,sxng-exp-16,0.00%,96.46MiB,200MiB,48.23%
2026-02-22T12:31:57Z,sxng-exp-12,1.46%,97.06MiB,200MiB,48.53%
2026-02-22T12:31:57Z,sxng-exp-14,0.00%,97.91MiB,200MiB,48.95%
2026-02-22T12:31:57Z,sxng-exp-03,0.00%,97.91MiB,200MiB,48.96%
2026-02-22T12:31:57Z,sxng-exp-01,0.00%,98.45MiB,200MiB,49.22%
2026-02-22T12:31:57Z,sxng-exp-09,0.00%,97.25MiB,200MiB,48.63%
2026-02-22T12:31:57Z,sxng-exp-02,0.00%,101.6MiB,200MiB,50.78%
2026-02-22T12:31:57Z,sxng-exp-06,0.00%,97.91MiB,200MiB,48.96%
2026-02-22T12:31:57Z,sxng-exp-20,0.00%,96.24MiB,200MiB,48.12%
2026-02-22T12:31:57Z,sxng-exp-05,0.00%,97.66MiB,200MiB,48.83%
2026-02-22T12:32:04Z,sxng-exp-15,0.00%,95.89MiB,200MiB,47.94%
2026-02-22T12:32:04Z,sxng-exp-18,0.00%,95.74MiB,200MiB,47.87%
2026-02-22T12:32:04Z,sxng-exp-08,0.00%,102.3MiB,200MiB,51.17%
2026-02-22T12:32:04Z,sxng-exp-04,0.00%,99.58MiB,200MiB,49.79%
2026-02-22T12:32:04Z,sxng-exp-10,0.00%,98.03MiB,200MiB,49.02%
2026-02-22T12:32:04Z,sxng-exp-11,0.00%,100.3MiB,200MiB,50.15%
2026-02-22T12:32:04Z,sxng-exp-13,0.00%,100.4MiB,200MiB,50.21%
2026-02-22T12:32:04Z,sxng-exp-17,0.00%,97.03MiB,200MiB,48.51%
2026-02-22T12:32:04Z,sxng-exp-19,0.00%,101.7MiB,200MiB,50.84%
2026-02-22T12:32:04Z,sxng-exp-07,0.00%,98.89MiB,200MiB,49.44%
2026-02-22T12:32:04Z,sxng-exp-16,0.00%,96.46MiB,200MiB,48.23%
2026-02-22T12:32:04Z,sxng-exp-12,0.00%,101.9MiB,200MiB,50.93%
2026-02-22T12:32:04Z,sxng-exp-14,0.00%,97.91MiB,200MiB,48.95%
2026-02-22T12:32:04Z,sxng-exp-03,0.00%,97.91MiB,200MiB,48.96%
2026-02-22T12:32:04Z,sxng-exp-01,0.00%,98.45MiB,200MiB,49.22%
2026-02-22T12:32:04Z,sxng-exp-09,0.00%,97.25MiB,200MiB,48.63%
2026-02-22T12:32:04Z,sxng-exp-02,0.00%,101.6MiB,200MiB,50.78%
2026-02-22T12:32:04Z,sxng-exp-06,0.00%,97.92MiB,200MiB,48.96%
2026-02-22T12:32:04Z,sxng-exp-20,0.00%,96.24MiB,200MiB,48.12%
2026-02-22T12:32:04Z,sxng-exp-05,0.00%,97.41MiB,200MiB,48.71%
2026-02-22T12:32:09Z,sxng-exp-15,0.00%,98.34MiB,200MiB,49.17%
2026-02-22T12:32:09Z,sxng-exp-18,0.00%,95.74MiB,200MiB,47.87%
2026-02-22T12:32:09Z,sxng-exp-08,0.00%,102.6MiB,200MiB,51.29%
2026-02-22T12:32:09Z,sxng-exp-04,0.00%,99.58MiB,200MiB,49.79%
2026-02-22T12:32:09Z,sxng-exp-10,0.00%,98.03MiB,200MiB,49.02%
2026-02-22T12:32:09Z,sxng-exp-11,0.00%,100.1MiB,200MiB,50.03%
2026-02-22T12:32:09Z,sxng-exp-13,0.00%,99.11MiB,200MiB,49.55%
2026-02-22T12:32:09Z,sxng-exp-17,0.00%,97.03MiB,200MiB,48.51%
2026-02-22T12:32:09Z,sxng-exp-19,0.00%,101.7MiB,200MiB,50.84%
2026-02-22T12:32:09Z,sxng-exp-07,0.00%,98.4MiB,200MiB,49.20%
2026-02-22T12:32:09Z,sxng-exp-16,0.00%,96.46MiB,200MiB,48.23%
2026-02-22T12:32:09Z,sxng-exp-12,0.00%,101.4MiB,200MiB,50.68%
2026-02-22T12:32:09Z,sxng-exp-14,0.00%,99.24MiB,200MiB,49.62%
2026-02-22T12:32:09Z,sxng-exp-03,0.00%,97.91MiB,200MiB,48.96%
2026-02-22T12:32:09Z,sxng-exp-01,0.00%,98.45MiB,200MiB,49.22%
2026-02-22T12:32:09Z,sxng-exp-09,0.00%,97.5MiB,200MiB,48.75%
2026-02-22T12:32:09Z,sxng-exp-02,0.00%,101.6MiB,200MiB,50.78%
2026-02-22T12:32:09Z,sxng-exp-06,0.00%,97.92MiB,200MiB,48.96%
2026-02-22T12:32:09Z,sxng-exp-20,0.00%,96.24MiB,200MiB,48.12%
2026-02-22T12:32:09Z,sxng-exp-05,0.00%,97.41MiB,200MiB,48.71%
2026-02-22T12:32:16Z,sxng-exp-15,0.00%,97.72MiB,200MiB,48.86%
2026-02-22T12:32:16Z,sxng-exp-18,0.00%,95.74MiB,200MiB,47.87%
2026-02-22T12:32:16Z,sxng-exp-08,0.00%,102.4MiB,200MiB,51.20%
2026-02-22T12:32:16Z,sxng-exp-04,0.00%,99.58MiB,200MiB,49.79%
2026-02-22T12:32:16Z,sxng-exp-10,0.00%,98.04MiB,200MiB,49.02%
2026-02-22T12:32:16Z,sxng-exp-11,0.00%,100.3MiB,200MiB,50.15%
2026-02-22T12:32:16Z,sxng-exp-13,0.00%,98.89MiB,200MiB,49.45%
2026-02-22T12:32:16Z,sxng-exp-17,0.00%,99.61MiB,200MiB,49.80%
2026-02-22T12:32:16Z,sxng-exp-19,0.00%,101.7MiB,200MiB,50.84%
2026-02-22T12:32:16Z,sxng-exp-07,0.00%,98.4MiB,200MiB,49.20%
2026-02-22T12:32:16Z,sxng-exp-16,0.00%,99.07MiB,200MiB,49.53%
2026-02-22T12:32:16Z,sxng-exp-12,0.00%,101.4MiB,200MiB,50.68%
2026-02-22T12:32:16Z,sxng-exp-14,0.00%,99MiB,200MiB,49.50%
2026-02-22T12:32:16Z,sxng-exp-03,0.00%,97.91MiB,200MiB,48.96%
2026-02-22T12:32:16Z,sxng-exp-01,0.00%,98.45MiB,200MiB,49.22%
2026-02-22T12:32:16Z,sxng-exp-09,0.00%,97.26MiB,200MiB,48.63%
2026-02-22T12:32:16Z,sxng-exp-02,0.00%,101.6MiB,200MiB,50.78%
2026-02-22T12:32:16Z,sxng-exp-06,0.00%,97.92MiB,200MiB,48.96%
2026-02-22T12:32:16Z,sxng-exp-20,0.00%,96.24MiB,200MiB,48.12%
2026-02-22T12:32:16Z,sxng-exp-05,0.00%,97.41MiB,200MiB,48.71%
2026-02-22T12:32:22Z,sxng-exp-15,0.00%,97.57MiB,200MiB,48.78%
2026-02-22T12:32:22Z,sxng-exp-18,0.00%,100.3MiB,200MiB,50.14%
2026-02-22T12:32:22Z,sxng-exp-08,0.00%,102.2MiB,200MiB,51.08%
2026-02-22T12:32:22Z,sxng-exp-04,0.00%,99.58MiB,200MiB,49.79%
2026-02-22T12:32:22Z,sxng-exp-10,0.00%,98.04MiB,200MiB,49.02%
2026-02-22T12:32:22Z,sxng-exp-11,0.00%,100.1MiB,200MiB,50.03%
2026-02-22T12:32:22Z,sxng-exp-13,0.00%,98.65MiB,200MiB,49.32%
2026-02-22T12:32:22Z,sxng-exp-17,0.00%,98.57MiB,200MiB,49.29%
2026-02-22T12:32:22Z,sxng-exp-19,7.43%,104.3MiB,200MiB,52.17%
2026-02-22T12:32:22Z,sxng-exp-07,0.00%,98.4MiB,200MiB,49.20%
2026-02-22T12:32:22Z,sxng-exp-16,0.00%,98.84MiB,200MiB,49.42%
2026-02-22T12:32:22Z,sxng-exp-12,0.00%,101.6MiB,200MiB,50.81%
2026-02-22T12:32:22Z,sxng-exp-14,0.00%,99MiB,200MiB,49.50%
2026-02-22T12:32:22Z,sxng-exp-03,0.00%,97.91MiB,200MiB,48.96%
2026-02-22T12:32:22Z,sxng-exp-01,0.00%,98.45MiB,200MiB,49.22%
2026-02-22T12:32:22Z,sxng-exp-09,0.00%,97.26MiB,200MiB,48.63%
2026-02-22T12:32:22Z,sxng-exp-02,0.00%,101.6MiB,200MiB,50.78%
2026-02-22T12:32:22Z,sxng-exp-06,0.00%,97.92MiB,200MiB,48.96%
2026-02-22T12:32:22Z,sxng-exp-20,0.00%,96.24MiB,200MiB,48.12%
2026-02-22T12:32:22Z,sxng-exp-05,0.00%,97.41MiB,200MiB,48.71%
2026-02-22T12:32:28Z,sxng-exp-15,0.00%,97.32MiB,200MiB,48.66%
2026-02-22T12:32:28Z,sxng-exp-18,0.00%,99.93MiB,200MiB,49.96%
2026-02-22T12:32:28Z,sxng-exp-08,0.00%,102.2MiB,200MiB,51.08%
2026-02-22T12:32:28Z,sxng-exp-04,0.00%,99.58MiB,200MiB,49.79%
2026-02-22T12:32:28Z,sxng-exp-10,0.00%,98.04MiB,200MiB,49.02%
2026-02-22T12:32:28Z,sxng-exp-11,0.00%,100.1MiB,200MiB,50.03%
2026-02-22T12:32:28Z,sxng-exp-13,0.00%,98.65MiB,200MiB,49.33%
2026-02-22T12:32:28Z,sxng-exp-17,0.00%,98.46MiB,200MiB,49.23%
2026-02-22T12:32:28Z,sxng-exp-19,0.00%,103.6MiB,200MiB,51.82%
2026-02-22T12:32:28Z,sxng-exp-07,0.00%,98.4MiB,200MiB,49.20%
2026-02-22T12:32:28Z,sxng-exp-16,0.00%,98.84MiB,200MiB,49.42%
2026-02-22T12:32:28Z,sxng-exp-12,0.00%,101.4MiB,200MiB,50.68%
2026-02-22T12:32:28Z,sxng-exp-14,0.00%,99.25MiB,200MiB,49.62%
2026-02-22T12:32:28Z,sxng-exp-03,0.00%,97.91MiB,200MiB,48.96%
2026-02-22T12:32:28Z,sxng-exp-01,6.08%,99.96MiB,200MiB,49.98%
2026-02-22T12:32:28Z,sxng-exp-09,0.00%,97.26MiB,200MiB,48.63%
2026-02-22T12:32:28Z,sxng-exp-02,0.00%,101.6MiB,200MiB,50.78%
2026-02-22T12:32:28Z,sxng-exp-06,0.00%,97.92MiB,200MiB,48.96%
2026-02-22T12:32:28Z,sxng-exp-20,0.00%,100.2MiB,200MiB,50.11%
2026-02-22T12:32:28Z,sxng-exp-05,0.00%,97.41MiB,200MiB,48.71%
2026-02-22T12:32:34Z,sxng-exp-15,0.00%,97.32MiB,200MiB,48.66%
2026-02-22T12:32:34Z,sxng-exp-18,0.00%,99.93MiB,200MiB,49.96%
2026-02-22T12:32:34Z,sxng-exp-08,0.00%,102.2MiB,200MiB,51.08%
2026-02-22T12:32:34Z,sxng-exp-04,0.00%,99.58MiB,200MiB,49.79%
2026-02-22T12:32:34Z,sxng-exp-10,0.00%,98.04MiB,200MiB,49.02%
2026-02-22T12:32:34Z,sxng-exp-11,0.00%,100.1MiB,200MiB,50.03%
2026-02-22T12:32:34Z,sxng-exp-13,0.00%,98.65MiB,200MiB,49.33%
2026-02-22T12:32:34Z,sxng-exp-17,0.00%,98.46MiB,200MiB,49.23%
2026-02-22T12:32:34Z,sxng-exp-19,0.00%,103.6MiB,200MiB,51.81%
2026-02-22T12:32:34Z,sxng-exp-07,0.00%,98.4MiB,200MiB,49.20%
2026-02-22T12:32:34Z,sxng-exp-16,0.00%,99.09MiB,200MiB,49.54%
2026-02-22T12:32:34Z,sxng-exp-12,0.00%,101.4MiB,200MiB,50.68%
2026-02-22T12:32:34Z,sxng-exp-14,0.00%,98.95MiB,200MiB,49.48%
2026-02-22T12:32:34Z,sxng-exp-03,3.74%,99.4MiB,200MiB,49.70%
2026-02-22T12:32:34Z,sxng-exp-01,0.00%,101.3MiB,200MiB,50.63%
2026-02-22T12:32:34Z,sxng-exp-09,0.00%,97.26MiB,200MiB,48.63%
2026-02-22T12:32:34Z,sxng-exp-02,0.00%,103.5MiB,200MiB,51.75%
2026-02-22T12:32:34Z,sxng-exp-06,0.00%,97.92MiB,200MiB,48.96%
2026-02-22T12:32:34Z,sxng-exp-20,0.00%,99.86MiB,200MiB,49.93%
2026-02-22T12:32:34Z,sxng-exp-05,0.00%,97.41MiB,200MiB,48.71%
2026-02-22T12:32:40Z,sxng-exp-15,0.00%,97.11MiB,200MiB,48.55%
2026-02-22T12:32:40Z,sxng-exp-18,0.00%,100.2MiB,200MiB,50.09%
2026-02-22T12:32:40Z,sxng-exp-08,0.00%,102.2MiB,200MiB,51.08%
2026-02-22T12:32:40Z,sxng-exp-04,0.00%,100.9MiB,200MiB,50.44%
2026-02-22T12:32:40Z,sxng-exp-10,0.00%,98.04MiB,200MiB,49.02%
2026-02-22T12:32:40Z,sxng-exp-11,0.00%,100.1MiB,200MiB,50.03%
2026-02-22T12:32:40Z,sxng-exp-13,0.00%,98.65MiB,200MiB,49.33%
2026-02-22T12:32:40Z,sxng-exp-17,0.00%,98.46MiB,200MiB,49.23%
2026-02-22T12:32:40Z,sxng-exp-19,0.00%,103.6MiB,200MiB,51.81%
2026-02-22T12:32:40Z,sxng-exp-07,0.00%,98.4MiB,200MiB,49.20%
2026-02-22T12:32:40Z,sxng-exp-16,0.00%,98.84MiB,200MiB,49.42%
2026-02-22T12:32:40Z,sxng-exp-12,0.00%,101.4MiB,200MiB,50.68%
2026-02-22T12:32:40Z,sxng-exp-14,0.00%,98.95MiB,200MiB,49.48%
2026-02-22T12:32:40Z,sxng-exp-03,0.00%,99.63MiB,200MiB,49.81%
2026-02-22T12:32:40Z,sxng-exp-01,0.00%,100.8MiB,200MiB,50.40%
2026-02-22T12:32:40Z,sxng-exp-09,0.00%,97.26MiB,200MiB,48.63%
2026-02-22T12:32:40Z,sxng-exp-02,0.00%,103.1MiB,200MiB,51.57%
2026-02-22T12:32:40Z,sxng-exp-06,0.00%,97.92MiB,200MiB,48.96%
2026-02-22T12:32:40Z,sxng-exp-20,0.00%,99.85MiB,200MiB,49.92%
2026-02-22T12:32:40Z,sxng-exp-05,0.00%,97.41MiB,200MiB,48.71%
2026-02-22T12:32:46Z,sxng-exp-15,0.00%,97.11MiB,200MiB,48.55%
2026-02-22T12:32:46Z,sxng-exp-18,0.00%,99.93MiB,200MiB,49.97%
2026-02-22T12:32:46Z,sxng-exp-08,0.00%,102.2MiB,200MiB,51.08%
2026-02-22T12:32:46Z,sxng-exp-04,0.00%,100.5MiB,200MiB,50.23%
2026-02-22T12:32:46Z,sxng-exp-10,0.00%,98.04MiB,200MiB,49.02%
2026-02-22T12:32:46Z,sxng-exp-11,0.00%,100.1MiB,200MiB,50.03%
2026-02-22T12:32:46Z,sxng-exp-13,0.00%,98.65MiB,200MiB,49.33%
2026-02-22T12:32:46Z,sxng-exp-17,0.00%,98.46MiB,200MiB,49.23%
2026-02-22T12:32:46Z,sxng-exp-19,0.00%,103.9MiB,200MiB,51.94%
2026-02-22T12:32:46Z,sxng-exp-07,0.00%,98.4MiB,200MiB,49.20%
2026-02-22T12:32:46Z,sxng-exp-16,0.00%,98.84MiB,200MiB,49.42%
2026-02-22T12:32:46Z,sxng-exp-12,0.00%,101.4MiB,200MiB,50.68%
2026-02-22T12:32:46Z,sxng-exp-14,0.00%,98.95MiB,200MiB,49.48%
2026-02-22T12:32:46Z,sxng-exp-03,0.00%,99.32MiB,200MiB,49.66%
2026-02-22T12:32:46Z,sxng-exp-01,0.00%,100.6MiB,200MiB,50.28%
2026-02-22T12:32:46Z,sxng-exp-09,0.00%,97.26MiB,200MiB,48.63%
2026-02-22T12:32:46Z,sxng-exp-02,0.00%,102.6MiB,200MiB,51.32%
2026-02-22T12:32:46Z,sxng-exp-06,0.00%,99.61MiB,200MiB,49.81%
2026-02-22T12:32:46Z,sxng-exp-20,0.00%,100.1MiB,200MiB,50.05%
2026-02-22T12:32:46Z,sxng-exp-05,0.00%,98.34MiB,200MiB,49.17%
2026-02-22T12:32:52Z,sxng-exp-15,0.00%,97.11MiB,200MiB,48.55%
2026-02-22T12:32:52Z,sxng-exp-18,0.00%,99.93MiB,200MiB,49.97%
2026-02-22T12:32:52Z,sxng-exp-08,1.39%,104.6MiB,200MiB,52.30%
2026-02-22T12:32:52Z,sxng-exp-04,0.00%,100.1MiB,200MiB,50.07%
2026-02-22T12:32:52Z,sxng-exp-10,0.00%,98.04MiB,200MiB,49.02%
2026-02-22T12:32:52Z,sxng-exp-11,0.00%,100.1MiB,200MiB,50.03%
2026-02-22T12:32:52Z,sxng-exp-13,0.00%,98.65MiB,200MiB,49.33%
2026-02-22T12:32:52Z,sxng-exp-17,0.00%,98.46MiB,200MiB,49.23%
2026-02-22T12:32:52Z,sxng-exp-19,0.00%,103.6MiB,200MiB,51.80%
2026-02-22T12:32:52Z,sxng-exp-07,0.00%,103.2MiB,200MiB,51.60%
2026-02-22T12:32:52Z,sxng-exp-16,0.00%,98.84MiB,200MiB,49.42%
2026-02-22T12:32:52Z,sxng-exp-12,0.00%,101.4MiB,200MiB,50.68%
2026-02-22T12:32:52Z,sxng-exp-14,0.00%,98.95MiB,200MiB,49.48%
2026-02-22T12:32:52Z,sxng-exp-03,0.00%,99.32MiB,200MiB,49.66%
2026-02-22T12:32:52Z,sxng-exp-01,0.00%,100.6MiB,200MiB,50.28%
2026-02-22T12:32:52Z,sxng-exp-09,0.00%,97.26MiB,200MiB,48.63%
2026-02-22T12:32:52Z,sxng-exp-02,0.00%,102.9MiB,200MiB,51.45%
2026-02-22T12:32:52Z,sxng-exp-06,0.00%,99.19MiB,200MiB,49.60%
2026-02-22T12:32:52Z,sxng-exp-20,0.00%,99.85MiB,200MiB,49.92%
2026-02-22T12:32:52Z,sxng-exp-05,0.00%,98.12MiB,200MiB,49.06%
2026-02-22T12:32:58Z,sxng-exp-15,0.00%,97.11MiB,200MiB,48.55%
2026-02-22T12:32:58Z,sxng-exp-18,0.00%,99.93MiB,200MiB,49.97%
2026-02-22T12:32:58Z,sxng-exp-08,0.00%,103.8MiB,200MiB,51.88%
2026-02-22T12:32:58Z,sxng-exp-04,0.00%,100.1MiB,200MiB,50.07%
2026-02-22T12:32:58Z,sxng-exp-10,6.64%,101MiB,200MiB,50.49%
2026-02-22T12:32:58Z,sxng-exp-11,0.00%,100.1MiB,200MiB,50.03%
2026-02-22T12:32:58Z,sxng-exp-13,0.00%,98.65MiB,200MiB,49.33%
2026-02-22T12:32:58Z,sxng-exp-17,0.00%,98.46MiB,200MiB,49.23%
2026-02-22T12:32:58Z,sxng-exp-19,0.00%,103.6MiB,200MiB,51.80%
2026-02-22T12:32:58Z,sxng-exp-07,0.00%,102.9MiB,200MiB,51.45%
2026-02-22T12:32:58Z,sxng-exp-16,0.00%,98.84MiB,200MiB,49.42%
2026-02-22T12:32:58Z,sxng-exp-12,0.00%,101.4MiB,200MiB,50.68%
2026-02-22T12:32:58Z,sxng-exp-14,0.00%,98.95MiB,200MiB,49.48%
2026-02-22T12:32:58Z,sxng-exp-03,0.00%,99.16MiB,200MiB,49.58%
2026-02-22T12:32:58Z,sxng-exp-01,0.00%,100.6MiB,200MiB,50.28%
2026-02-22T12:32:58Z,sxng-exp-09,0.00%,100.3MiB,200MiB,50.15%
2026-02-22T12:32:58Z,sxng-exp-02,0.00%,102.7MiB,200MiB,51.33%
2026-02-22T12:32:58Z,sxng-exp-06,0.00%,98.98MiB,200MiB,49.49%
2026-02-22T12:32:58Z,sxng-exp-20,0.00%,99.85MiB,200MiB,49.92%
2026-02-22T12:32:58Z,sxng-exp-05,0.00%,98.12MiB,200MiB,49.06%
2026-02-22T12:33:04Z,sxng-exp-15,0.00%,97.11MiB,200MiB,48.55%
2026-02-22T12:33:04Z,sxng-exp-18,0.00%,99.93MiB,200MiB,49.97%
2026-02-22T12:33:04Z,sxng-exp-08,0.00%,103.3MiB,200MiB,51.63%
2026-02-22T12:33:04Z,sxng-exp-04,0.00%,100.2MiB,200MiB,50.08%
2026-02-22T12:33:04Z,sxng-exp-10,0.00%,99.97MiB,200MiB,49.98%
2026-02-22T12:33:04Z,sxng-exp-11,0.00%,106.6MiB,200MiB,53.31%
2026-02-22T12:33:04Z,sxng-exp-13,0.00%,98.65MiB,200MiB,49.33%
2026-02-22T12:33:04Z,sxng-exp-17,0.00%,98.46MiB,200MiB,49.23%
2026-02-22T12:33:04Z,sxng-exp-19,0.00%,103.4MiB,200MiB,51.70%
2026-02-22T12:33:04Z,sxng-exp-07,0.00%,102.7MiB,200MiB,51.33%
2026-02-22T12:33:04Z,sxng-exp-16,0.00%,98.84MiB,200MiB,49.42%
2026-02-22T12:33:04Z,sxng-exp-12,7.34%,103.7MiB,200MiB,51.84%
2026-02-22T12:33:04Z,sxng-exp-14,0.00%,98.95MiB,200MiB,49.48%
2026-02-22T12:33:04Z,sxng-exp-03,0.00%,99.16MiB,200MiB,49.58%
2026-02-22T12:33:04Z,sxng-exp-01,0.00%,100.6MiB,200MiB,50.28%
2026-02-22T12:33:04Z,sxng-exp-09,0.00%,99.7MiB,200MiB,49.85%
2026-02-22T12:33:04Z,sxng-exp-02,0.00%,102.7MiB,200MiB,51.33%
2026-02-22T12:33:04Z,sxng-exp-06,0.00%,98.98MiB,200MiB,49.49%
2026-02-22T12:33:04Z,sxng-exp-20,0.00%,99.85MiB,200MiB,49.92%
2026-02-22T12:33:04Z,sxng-exp-05,0.00%,98.37MiB,200MiB,49.19%
2026-02-22T12:33:10Z,sxng-exp-15,0.00%,97.11MiB,200MiB,48.55%
2026-02-22T12:33:10Z,sxng-exp-18,0.00%,99.93MiB,200MiB,49.97%
2026-02-22T12:33:10Z,sxng-exp-08,0.00%,103.3MiB,200MiB,51.63%
2026-02-22T12:33:10Z,sxng-exp-04,0.00%,100.2MiB,200MiB,50.08%
2026-02-22T12:33:10Z,sxng-exp-10,0.00%,99.82MiB,200MiB,49.91%
2026-02-22T12:33:10Z,sxng-exp-11,0.00%,106.5MiB,200MiB,53.23%
2026-02-22T12:33:10Z,sxng-exp-13,0.00%,100.7MiB,200MiB,50.33%
2026-02-22T12:33:10Z,sxng-exp-17,0.00%,98.46MiB,200MiB,49.23%
2026-02-22T12:33:10Z,sxng-exp-19,0.00%,103.4MiB,200MiB,51.70%
2026-02-22T12:33:10Z,sxng-exp-07,0.00%,102.9MiB,200MiB,51.46%
2026-02-22T12:33:10Z,sxng-exp-16,0.00%,98.84MiB,200MiB,49.42%
2026-02-22T12:33:10Z,sxng-exp-12,0.00%,102.1MiB,200MiB,51.05%
2026-02-22T12:33:10Z,sxng-exp-14,3.71%,100.4MiB,200MiB,50.22%
2026-02-22T12:33:10Z,sxng-exp-03,0.00%,99.16MiB,200MiB,49.58%
2026-02-22T12:33:10Z,sxng-exp-01,0.00%,100.6MiB,200MiB,50.28%
2026-02-22T12:33:10Z,sxng-exp-09,0.00%,99.7MiB,200MiB,49.85%
2026-02-22T12:33:10Z,sxng-exp-02,0.00%,102.7MiB,200MiB,51.33%
2026-02-22T12:33:10Z,sxng-exp-06,0.00%,98.98MiB,200MiB,49.49%
2026-02-22T12:33:10Z,sxng-exp-20,0.00%,99.85MiB,200MiB,49.92%
2026-02-22T12:33:10Z,sxng-exp-05,0.00%,98.12MiB,200MiB,49.06%
2026-02-22T12:33:16Z,sxng-exp-15,0.00%,99.34MiB,200MiB,49.67%
2026-02-22T12:33:16Z,sxng-exp-18,0.00%,99.93MiB,200MiB,49.97%
2026-02-22T12:33:16Z,sxng-exp-08,0.00%,103.3MiB,200MiB,51.63%
2026-02-22T12:33:16Z,sxng-exp-04,0.00%,100.2MiB,200MiB,50.08%
2026-02-22T12:33:16Z,sxng-exp-10,0.00%,99.59MiB,200MiB,49.80%
2026-02-22T12:33:16Z,sxng-exp-11,0.00%,106.5MiB,200MiB,53.23%
2026-02-22T12:33:16Z,sxng-exp-13,0.00%,100.1MiB,200MiB,50.06%
2026-02-22T12:33:16Z,sxng-exp-17,0.00%,98.46MiB,200MiB,49.23%
2026-02-22T12:33:16Z,sxng-exp-19,0.00%,103.4MiB,200MiB,51.70%
2026-02-22T12:33:16Z,sxng-exp-07,0.00%,102.7MiB,200MiB,51.33%
2026-02-22T12:33:16Z,sxng-exp-16,3.06%,100.8MiB,200MiB,50.41%
2026-02-22T12:33:16Z,sxng-exp-12,0.00%,101.8MiB,200MiB,50.92%
2026-02-22T12:33:16Z,sxng-exp-14,0.00%,101.4MiB,200MiB,50.69%
2026-02-22T12:33:16Z,sxng-exp-03,0.00%,99.16MiB,200MiB,49.58%
2026-02-22T12:33:16Z,sxng-exp-01,0.00%,100.6MiB,200MiB,50.28%
2026-02-22T12:33:16Z,sxng-exp-09,0.00%,99.95MiB,200MiB,49.97%
2026-02-22T12:33:16Z,sxng-exp-02,0.00%,102.7MiB,200MiB,51.33%
2026-02-22T12:33:16Z,sxng-exp-06,0.00%,98.98MiB,200MiB,49.49%
2026-02-22T12:33:16Z,sxng-exp-20,0.00%,99.85MiB,200MiB,49.92%
2026-02-22T12:33:16Z,sxng-exp-05,0.00%,98.12MiB,200MiB,49.06%
2026-02-22T12:33:22Z,sxng-exp-15,0.00%,98.87MiB,200MiB,49.44%
2026-02-22T12:33:22Z,sxng-exp-18,0.00%,99.93MiB,200MiB,49.97%
2026-02-22T12:33:22Z,sxng-exp-08,0.00%,103.3MiB,200MiB,51.63%
2026-02-22T12:33:22Z,sxng-exp-04,0.00%,100.2MiB,200MiB,50.08%
2026-02-22T12:33:22Z,sxng-exp-10,0.00%,99.6MiB,200MiB,49.80%
2026-02-22T12:33:22Z,sxng-exp-11,0.00%,106.5MiB,200MiB,53.23%
2026-02-22T12:33:22Z,sxng-exp-13,0.00%,99.87MiB,200MiB,49.93%
2026-02-22T12:33:22Z,sxng-exp-17,0.00%,101.3MiB,200MiB,50.65%
2026-02-22T12:33:22Z,sxng-exp-19,0.00%,103.4MiB,200MiB,51.70%
2026-02-22T12:33:22Z,sxng-exp-07,0.00%,102.7MiB,200MiB,51.33%
2026-02-22T12:33:22Z,sxng-exp-16,0.00%,100.2MiB,200MiB,50.12%
2026-02-22T12:33:22Z,sxng-exp-12,0.00%,101.8MiB,200MiB,50.92%
2026-02-22T12:33:22Z,sxng-exp-14,0.00%,100.9MiB,200MiB,50.47%
2026-02-22T12:33:22Z,sxng-exp-03,0.00%,99.16MiB,200MiB,49.58%
2026-02-22T12:33:22Z,sxng-exp-01,0.00%,100.6MiB,200MiB,50.28%
2026-02-22T12:33:22Z,sxng-exp-09,0.00%,99.93MiB,200MiB,49.97%
2026-02-22T12:33:22Z,sxng-exp-02,0.00%,102.7MiB,200MiB,51.33%
2026-02-22T12:33:22Z,sxng-exp-06,0.00%,98.98MiB,200MiB,49.49%
2026-02-22T12:33:22Z,sxng-exp-20,0.00%,99.85MiB,200MiB,49.92%
2026-02-22T12:33:22Z,sxng-exp-05,0.00%,98.12MiB,200MiB,49.06%
2026-02-22T12:33:28Z,sxng-exp-15,0.00%,98.63MiB,200MiB,49.31%
2026-02-22T12:33:28Z,sxng-exp-18,0.00%,105.1MiB,200MiB,52.56%
2026-02-22T12:33:28Z,sxng-exp-08,0.00%,103.3MiB,200MiB,51.63%
2026-02-22T12:33:28Z,sxng-exp-04,0.00%,100.2MiB,200MiB,50.08%
2026-02-22T12:33:28Z,sxng-exp-10,0.00%,99.6MiB,200MiB,49.80%
2026-02-22T12:33:28Z,sxng-exp-11,0.00%,106.2MiB,200MiB,53.10%
2026-02-22T12:33:28Z,sxng-exp-13,0.00%,99.87MiB,200MiB,49.94%
2026-02-22T12:33:28Z,sxng-exp-17,0.00%,101.2MiB,200MiB,50.60%
2026-02-22T12:33:28Z,sxng-exp-19,0.00%,104.4MiB,200MiB,52.20%
2026-02-22T12:33:28Z,sxng-exp-07,0.00%,102.7MiB,200MiB,51.33%
2026-02-22T12:33:28Z,sxng-exp-16,0.00%,99.5MiB,200MiB,49.75%
2026-02-22T12:33:28Z,sxng-exp-12,0.00%,102.1MiB,200MiB,51.05%
2026-02-22T12:33:28Z,sxng-exp-14,0.00%,100.9MiB,200MiB,50.47%
2026-02-22T12:33:28Z,sxng-exp-03,0.00%,99.16MiB,200MiB,49.58%
2026-02-22T12:33:28Z,sxng-exp-01,0.00%,100.6MiB,200MiB,50.28%
2026-02-22T12:33:28Z,sxng-exp-09,0.00%,99.69MiB,200MiB,49.84%
2026-02-22T12:33:28Z,sxng-exp-02,0.00%,102.7MiB,200MiB,51.33%
2026-02-22T12:33:28Z,sxng-exp-06,0.00%,98.98MiB,200MiB,49.49%
2026-02-22T12:33:28Z,sxng-exp-20,0.00%,99.85MiB,200MiB,49.92%
2026-02-22T12:33:28Z,sxng-exp-05,0.00%,98.12MiB,200MiB,49.06%
2026-02-22T12:33:34Z,sxng-exp-15,0.00%,98.88MiB,200MiB,49.44%
2026-02-22T12:33:34Z,sxng-exp-18,0.00%,105MiB,200MiB,52.49%
2026-02-22T12:33:34Z,sxng-exp-08,0.00%,103.3MiB,200MiB,51.63%
2026-02-22T12:33:34Z,sxng-exp-04,0.00%,100.2MiB,200MiB,50.08%
2026-02-22T12:33:34Z,sxng-exp-10,0.00%,99.6MiB,200MiB,49.80%
2026-02-22T12:33:34Z,sxng-exp-11,0.00%,106.2MiB,200MiB,53.10%
2026-02-22T12:33:34Z,sxng-exp-13,0.00%,99.87MiB,200MiB,49.94%
2026-02-22T12:33:34Z,sxng-exp-17,0.00%,101MiB,200MiB,50.51%
2026-02-22T12:33:34Z,sxng-exp-19,0.00%,103.8MiB,200MiB,51.92%
2026-02-22T12:33:34Z,sxng-exp-07,0.00%,102.7MiB,200MiB,51.33%
2026-02-22T12:33:34Z,sxng-exp-16,0.00%,99.45MiB,200MiB,49.73%
2026-02-22T12:33:34Z,sxng-exp-12,0.00%,101.9MiB,200MiB,50.93%
2026-02-22T12:33:34Z,sxng-exp-14,0.00%,101MiB,200MiB,50.48%
2026-02-22T12:33:34Z,sxng-exp-03,0.00%,99.16MiB,200MiB,49.58%
2026-02-22T12:33:34Z,sxng-exp-01,2.18%,103MiB,200MiB,51.50%
2026-02-22T12:33:34Z,sxng-exp-09,0.00%,99.69MiB,200MiB,49.84%
2026-02-22T12:33:34Z,sxng-exp-02,0.00%,102.7MiB,200MiB,51.33%
2026-02-22T12:33:34Z,sxng-exp-06,0.00%,98.98MiB,200MiB,49.49%
2026-02-22T12:33:34Z,sxng-exp-20,0.00%,100.6MiB,200MiB,50.31%
2026-02-22T12:33:34Z,sxng-exp-05,0.00%,98.12MiB,200MiB,49.06%
2026-02-22T12:33:41Z,sxng-exp-15,0.00%,98.63MiB,200MiB,49.32%
2026-02-22T12:33:41Z,sxng-exp-18,0.00%,105MiB,200MiB,52.49%
2026-02-22T12:33:41Z,sxng-exp-08,0.00%,103.3MiB,200MiB,51.63%
2026-02-22T12:33:41Z,sxng-exp-04,0.00%,100.2MiB,200MiB,50.08%
2026-02-22T12:33:41Z,sxng-exp-10,0.00%,99.6MiB,200MiB,49.80%
2026-02-22T12:33:41Z,sxng-exp-11,0.00%,106.2MiB,200MiB,53.10%
2026-02-22T12:33:41Z,sxng-exp-13,0.00%,99.87MiB,200MiB,49.94%
2026-02-22T12:33:41Z,sxng-exp-17,0.00%,100.7MiB,200MiB,50.37%
2026-02-22T12:33:41Z,sxng-exp-19,0.00%,103.8MiB,200MiB,51.92%
2026-02-22T12:33:41Z,sxng-exp-07,0.00%,102.7MiB,200MiB,51.33%
2026-02-22T12:33:41Z,sxng-exp-16,0.00%,99.35MiB,200MiB,49.67%
2026-02-22T12:33:41Z,sxng-exp-12,0.00%,101.9MiB,200MiB,50.93%
2026-02-22T12:33:41Z,sxng-exp-14,0.00%,101MiB,200MiB,50.48%
2026-02-22T12:33:41Z,sxng-exp-03,3.00%,102.2MiB,200MiB,51.09%
2026-02-22T12:33:41Z,sxng-exp-01,0.00%,102MiB,200MiB,50.99%
2026-02-22T12:33:41Z,sxng-exp-09,0.00%,99.69MiB,200MiB,49.84%
2026-02-22T12:33:41Z,sxng-exp-02,0.00%,106.6MiB,200MiB,53.28%
2026-02-22T12:33:41Z,sxng-exp-06,0.00%,98.98MiB,200MiB,49.49%
2026-02-22T12:33:41Z,sxng-exp-20,0.00%,100.4MiB,200MiB,50.19%
2026-02-22T12:33:41Z,sxng-exp-05,0.00%,98.12MiB,200MiB,49.06%
2026-02-22T12:33:46Z,sxng-exp-15,0.00%,98.63MiB,200MiB,49.32%
2026-02-22T12:33:46Z,sxng-exp-18,0.00%,105.2MiB,200MiB,52.61%
2026-02-22T12:33:46Z,sxng-exp-08,0.00%,103.3MiB,200MiB,51.63%
2026-02-22T12:33:46Z,sxng-exp-04,0.00%,101.2MiB,200MiB,50.59%
2026-02-22T12:33:46Z,sxng-exp-10,0.00%,99.6MiB,200MiB,49.80%
2026-02-22T12:33:46Z,sxng-exp-11,0.00%,106.2MiB,200MiB,53.10%
2026-02-22T12:33:46Z,sxng-exp-13,0.00%,99.87MiB,200MiB,49.94%
2026-02-22T12:33:46Z,sxng-exp-17,0.00%,100.5MiB,200MiB,50.26%
2026-02-22T12:33:46Z,sxng-exp-19,0.00%,103.6MiB,200MiB,51.82%
2026-02-22T12:33:46Z,sxng-exp-07,0.00%,102.7MiB,200MiB,51.33%
2026-02-22T12:33:46Z,sxng-exp-16,0.00%,99.35MiB,200MiB,49.67%
2026-02-22T12:33:46Z,sxng-exp-12,0.00%,101.9MiB,200MiB,50.93%
2026-02-22T12:33:46Z,sxng-exp-14,0.00%,101MiB,200MiB,50.48%
2026-02-22T12:33:46Z,sxng-exp-03,0.00%,100.9MiB,200MiB,50.43%
2026-02-22T12:33:46Z,sxng-exp-01,0.00%,101.8MiB,200MiB,50.91%
2026-02-22T12:33:46Z,sxng-exp-09,0.00%,99.69MiB,200MiB,49.84%
2026-02-22T12:33:46Z,sxng-exp-02,0.00%,105.8MiB,200MiB,52.91%
2026-02-22T12:33:46Z,sxng-exp-06,0.00%,98.98MiB,200MiB,49.49%
2026-02-22T12:33:46Z,sxng-exp-20,0.00%,100.4MiB,200MiB,50.19%
2026-02-22T12:33:46Z,sxng-exp-05,0.80%,99.88MiB,200MiB,49.94%
2026-02-22T12:33:53Z,sxng-exp-15,0.00%,98.63MiB,200MiB,49.32%
2026-02-22T12:33:53Z,sxng-exp-18,0.00%,105MiB,200MiB,52.49%
2026-02-22T12:33:53Z,sxng-exp-08,0.00%,103.3MiB,200MiB,51.63%
2026-02-22T12:33:53Z,sxng-exp-04,0.00%,101.2MiB,200MiB,50.59%
2026-02-22T12:33:53Z,sxng-exp-10,0.00%,99.6MiB,200MiB,49.80%
2026-02-22T12:33:53Z,sxng-exp-11,0.00%,106.2MiB,200MiB,53.10%
2026-02-22T12:33:53Z,sxng-exp-13,0.00%,99.87MiB,200MiB,49.94%
2026-02-22T12:33:53Z,sxng-exp-17,0.00%,100.5MiB,200MiB,50.26%
2026-02-22T12:33:53Z,sxng-exp-19,0.00%,103.6MiB,200MiB,51.82%
2026-02-22T12:33:53Z,sxng-exp-07,7.22%,104.9MiB,200MiB,52.45%
2026-02-22T12:33:53Z,sxng-exp-16,0.00%,99.35MiB,200MiB,49.67%
2026-02-22T12:33:53Z,sxng-exp-12,0.00%,101.9MiB,200MiB,50.93%
2026-02-22T12:33:53Z,sxng-exp-14,0.00%,101MiB,200MiB,50.48%
2026-02-22T12:33:53Z,sxng-exp-03,0.00%,100.5MiB,200MiB,50.26%
2026-02-22T12:33:53Z,sxng-exp-01,0.00%,101.8MiB,200MiB,50.91%
2026-02-22T12:33:53Z,sxng-exp-09,0.00%,99.69MiB,200MiB,49.84%
2026-02-22T12:33:53Z,sxng-exp-02,0.00%,105.8MiB,200MiB,52.91%
2026-02-22T12:33:53Z,sxng-exp-06,0.00%,102.4MiB,200MiB,51.21%
2026-02-22T12:33:53Z,sxng-exp-20,0.00%,100.6MiB,200MiB,50.32%
2026-02-22T12:33:53Z,sxng-exp-05,0.00%,99.42MiB,200MiB,49.71%
2026-02-22T12:33:59Z,sxng-exp-15,0.00%,98.63MiB,200MiB,49.32%
2026-02-22T12:33:59Z,sxng-exp-18,0.00%,105MiB,200MiB,52.49%
2026-02-22T12:33:59Z,sxng-exp-08,0.00%,107.4MiB,200MiB,53.71%
2026-02-22T12:33:59Z,sxng-exp-04,0.00%,100.8MiB,200MiB,50.40%
2026-02-22T12:33:59Z,sxng-exp-10,0.00%,99.6MiB,200MiB,49.80%
2026-02-22T12:33:59Z,sxng-exp-11,0.00%,106.2MiB,200MiB,53.10%
2026-02-22T12:33:59Z,sxng-exp-13,0.00%,99.87MiB,200MiB,49.94%
2026-02-22T12:33:59Z,sxng-exp-17,0.00%,100.5MiB,200MiB,50.26%
2026-02-22T12:33:59Z,sxng-exp-19,0.00%,103.6MiB,200MiB,51.82%
2026-02-22T12:33:59Z,sxng-exp-07,0.00%,104.2MiB,200MiB,52.08%
2026-02-22T12:33:59Z,sxng-exp-16,0.00%,99.35MiB,200MiB,49.67%
2026-02-22T12:33:59Z,sxng-exp-12,0.00%,101.9MiB,200MiB,50.93%
2026-02-22T12:33:59Z,sxng-exp-14,0.00%,101MiB,200MiB,50.48%
2026-02-22T12:33:59Z,sxng-exp-03,0.00%,100.3MiB,200MiB,50.13%
2026-02-22T12:33:59Z,sxng-exp-01,0.00%,101.8MiB,200MiB,50.91%
2026-02-22T12:33:59Z,sxng-exp-09,0.00%,99.69MiB,200MiB,49.84%
2026-02-22T12:33:59Z,sxng-exp-02,0.00%,105.6MiB,200MiB,52.79%
2026-02-22T12:33:59Z,sxng-exp-06,0.00%,101.6MiB,200MiB,50.78%
2026-02-22T12:33:59Z,sxng-exp-20,0.00%,100.4MiB,200MiB,50.20%
2026-02-22T12:33:59Z,sxng-exp-05,0.00%,99.29MiB,200MiB,49.64%
2026-02-22T12:34:05Z,sxng-exp-15,0.00%,98.63MiB,200MiB,49.32%
2026-02-22T12:34:05Z,sxng-exp-18,0.00%,105MiB,200MiB,52.49%
2026-02-22T12:34:05Z,sxng-exp-08,0.00%,106.9MiB,200MiB,53.46%
2026-02-22T12:34:05Z,sxng-exp-04,0.00%,100.8MiB,200MiB,50.40%
2026-02-22T12:34:05Z,sxng-exp-10,0.00%,104.1MiB,200MiB,52.05%
2026-02-22T12:34:05Z,sxng-exp-11,0.00%,106.2MiB,200MiB,53.10%
2026-02-22T12:34:05Z,sxng-exp-13,0.00%,99.87MiB,200MiB,49.94%
2026-02-22T12:34:05Z,sxng-exp-17,0.00%,100.5MiB,200MiB,50.26%
2026-02-22T12:34:05Z,sxng-exp-19,0.00%,103.6MiB,200MiB,51.82%
2026-02-22T12:34:05Z,sxng-exp-07,0.00%,103.9MiB,200MiB,51.96%
2026-02-22T12:34:05Z,sxng-exp-16,0.00%,99.35MiB,200MiB,49.67%
2026-02-22T12:34:05Z,sxng-exp-12,0.00%,101.9MiB,200MiB,50.93%
2026-02-22T12:34:05Z,sxng-exp-14,0.00%,101MiB,200MiB,50.48%
2026-02-22T12:34:05Z,sxng-exp-03,0.00%,100.5MiB,200MiB,50.26%
2026-02-22T12:34:05Z,sxng-exp-01,0.00%,101.8MiB,200MiB,50.91%
2026-02-22T12:34:05Z,sxng-exp-09,0.00%,101.1MiB,200MiB,50.53%
2026-02-22T12:34:05Z,sxng-exp-02,0.00%,105.6MiB,200MiB,52.79%
2026-02-22T12:34:05Z,sxng-exp-06,0.00%,101.6MiB,200MiB,50.78%
2026-02-22T12:34:05Z,sxng-exp-20,0.00%,100.1MiB,200MiB,50.07%
2026-02-22T12:34:05Z,sxng-exp-05,0.00%,99.12MiB,200MiB,49.56%
2026-02-22T12:34:11Z,sxng-exp-15,0.00%,98.63MiB,200MiB,49.32%
2026-02-22T12:34:11Z,sxng-exp-18,0.00%,105MiB,200MiB,52.49%
2026-02-22T12:34:11Z,sxng-exp-08,0.00%,106.4MiB,200MiB,53.18%
2026-02-22T12:34:11Z,sxng-exp-04,0.00%,100.8MiB,200MiB,50.40%
2026-02-22T12:34:11Z,sxng-exp-10,0.00%,102.8MiB,200MiB,51.42%
2026-02-22T12:34:11Z,sxng-exp-11,0.00%,107MiB,200MiB,53.52%
2026-02-22T12:34:11Z,sxng-exp-13,0.00%,99.87MiB,200MiB,49.94%
2026-02-22T12:34:11Z,sxng-exp-17,0.00%,100.5MiB,200MiB,50.26%
2026-02-22T12:34:11Z,sxng-exp-19,0.00%,103.6MiB,200MiB,51.82%
2026-02-22T12:34:11Z,sxng-exp-07,0.00%,103.9MiB,200MiB,51.96%
2026-02-22T12:34:11Z,sxng-exp-16,0.00%,99.35MiB,200MiB,49.67%
2026-02-22T12:34:11Z,sxng-exp-12,0.97%,104.3MiB,200MiB,52.14%
2026-02-22T12:34:11Z,sxng-exp-14,0.00%,101MiB,200MiB,50.48%
2026-02-22T12:34:11Z,sxng-exp-03,0.00%,100.3MiB,200MiB,50.14%
2026-02-22T12:34:11Z,sxng-exp-01,0.00%,101.8MiB,200MiB,50.91%
2026-02-22T12:34:11Z,sxng-exp-09,0.00%,101.1MiB,200MiB,50.53%
2026-02-22T12:34:11Z,sxng-exp-02,0.00%,105.6MiB,200MiB,52.79%
2026-02-22T12:34:11Z,sxng-exp-06,0.00%,101.4MiB,200MiB,50.70%
2026-02-22T12:34:11Z,sxng-exp-20,0.00%,100.1MiB,200MiB,50.07%
2026-02-22T12:34:11Z,sxng-exp-05,0.00%,98.88MiB,200MiB,49.44%
2026-02-22T12:34:17Z,sxng-exp-15,0.00%,98.63MiB,200MiB,49.32%
2026-02-22T12:34:17Z,sxng-exp-18,0.00%,105MiB,200MiB,52.49%
2026-02-22T12:34:17Z,sxng-exp-08,0.00%,106.6MiB,200MiB,53.31%
2026-02-22T12:34:17Z,sxng-exp-04,0.00%,100.8MiB,200MiB,50.40%
2026-02-22T12:34:17Z,sxng-exp-10,0.00%,102.8MiB,200MiB,51.42%
2026-02-22T12:34:17Z,sxng-exp-11,0.00%,106.6MiB,200MiB,53.32%
2026-02-22T12:34:17Z,sxng-exp-13,0.00%,101.9MiB,200MiB,50.95%
2026-02-22T12:34:17Z,sxng-exp-17,0.00%,100.5MiB,200MiB,50.26%
2026-02-22T12:34:17Z,sxng-exp-19,0.00%,103.6MiB,200MiB,51.82%
2026-02-22T12:34:17Z,sxng-exp-07,0.00%,103.9MiB,200MiB,51.96%
2026-02-22T12:34:17Z,sxng-exp-16,0.00%,99.35MiB,200MiB,49.67%
2026-02-22T12:34:17Z,sxng-exp-12,0.00%,103.2MiB,200MiB,51.60%
2026-02-22T12:34:17Z,sxng-exp-14,5.21%,102.1MiB,200MiB,51.03%
2026-02-22T12:34:17Z,sxng-exp-03,0.00%,100.3MiB,200MiB,50.14%
2026-02-22T12:34:17Z,sxng-exp-01,0.00%,101.8MiB,200MiB,50.91%
2026-02-22T12:34:17Z,sxng-exp-09,0.00%,101.1MiB,200MiB,50.53%
2026-02-22T12:34:17Z,sxng-exp-02,0.00%,105.8MiB,200MiB,52.92%
2026-02-22T12:34:17Z,sxng-exp-06,0.00%,101.2MiB,200MiB,50.58%
2026-02-22T12:34:17Z,sxng-exp-20,0.00%,100.1MiB,200MiB,50.07%
2026-02-22T12:34:17Z,sxng-exp-05,0.00%,98.72MiB,200MiB,49.36%
2026-02-22T12:34:23Z,sxng-exp-15,0.00%,100.6MiB,200MiB,50.28%
2026-02-22T12:34:23Z,sxng-exp-18,0.00%,105MiB,200MiB,52.49%
2026-02-22T12:34:23Z,sxng-exp-08,0.00%,106.4MiB,200MiB,53.19%
2026-02-22T12:34:23Z,sxng-exp-04,0.00%,101.1MiB,200MiB,50.53%
2026-02-22T12:34:23Z,sxng-exp-10,0.00%,102.8MiB,200MiB,51.42%
2026-02-22T12:34:23Z,sxng-exp-11,0.00%,106.6MiB,200MiB,53.32%
2026-02-22T12:34:23Z,sxng-exp-13,0.00%,101.6MiB,200MiB,50.82%
2026-02-22T12:34:23Z,sxng-exp-17,0.00%,100.5MiB,200MiB,50.26%
2026-02-22T12:34:23Z,sxng-exp-19,0.00%,103.6MiB,200MiB,51.82%
2026-02-22T12:34:23Z,sxng-exp-07,0.00%,103.7MiB,200MiB,51.83%
2026-02-22T12:34:23Z,sxng-exp-16,6.86%,101.8MiB,200MiB,50.89%
2026-02-22T12:34:23Z,sxng-exp-12,0.00%,102.8MiB,200MiB,51.40%
2026-02-22T12:34:23Z,sxng-exp-14,0.00%,101.5MiB,200MiB,50.75%
2026-02-22T12:34:23Z,sxng-exp-03,0.00%,100.3MiB,200MiB,50.14%
2026-02-22T12:34:23Z,sxng-exp-01,0.00%,101.8MiB,200MiB,50.91%
2026-02-22T12:34:23Z,sxng-exp-09,0.00%,100.8MiB,200MiB,50.42%
2026-02-22T12:34:23Z,sxng-exp-02,0.00%,105.6MiB,200MiB,52.79%
2026-02-22T12:34:23Z,sxng-exp-06,0.00%,101.2MiB,200MiB,50.58%
2026-02-22T12:34:23Z,sxng-exp-20,0.00%,100.1MiB,200MiB,50.07%
2026-02-22T12:34:23Z,sxng-exp-05,0.00%,98.72MiB,200MiB,49.36%
2026-02-22T12:34:29Z,sxng-exp-15,0.00%,99.77MiB,200MiB,49.89%
2026-02-22T12:34:29Z,sxng-exp-18,7.42%,106.5MiB,200MiB,53.23%
2026-02-22T12:34:29Z,sxng-exp-08,0.00%,106.4MiB,200MiB,53.19%
2026-02-22T12:34:29Z,sxng-exp-04,0.00%,100.8MiB,200MiB,50.40%
2026-02-22T12:34:29Z,sxng-exp-10,0.00%,102.9MiB,200MiB,51.43%
2026-02-22T12:34:29Z,sxng-exp-11,0.00%,106.6MiB,200MiB,53.32%
2026-02-22T12:34:29Z,sxng-exp-13,0.00%,101.6MiB,200MiB,50.82%
2026-02-22T12:34:29Z,sxng-exp-17,0.00%,102.6MiB,200MiB,51.30%
2026-02-22T12:34:29Z,sxng-exp-19,0.00%,103.6MiB,200MiB,51.82%
2026-02-22T12:34:29Z,sxng-exp-07,0.00%,103.7MiB,200MiB,51.83%
2026-02-22T12:34:29Z,sxng-exp-16,0.00%,101MiB,200MiB,50.51%
2026-02-22T12:34:29Z,sxng-exp-12,0.00%,102.8MiB,200MiB,51.40%
2026-02-22T12:34:29Z,sxng-exp-14,0.00%,101.3MiB,200MiB,50.66%
2026-02-22T12:34:29Z,sxng-exp-03,0.00%,100.3MiB,200MiB,50.14%
2026-02-22T12:34:29Z,sxng-exp-01,0.00%,101.8MiB,200MiB,50.91%
2026-02-22T12:34:29Z,sxng-exp-09,0.00%,100.8MiB,200MiB,50.42%
2026-02-22T12:34:29Z,sxng-exp-02,0.00%,105.6MiB,200MiB,52.79%
2026-02-22T12:34:29Z,sxng-exp-06,0.00%,101.4MiB,200MiB,50.71%
2026-02-22T12:34:29Z,sxng-exp-20,0.00%,100.1MiB,200MiB,50.07%
2026-02-22T12:34:29Z,sxng-exp-05,0.00%,98.73MiB,200MiB,49.36%
2026-02-22T12:34:35Z,sxng-exp-15,0.00%,99.77MiB,200MiB,49.89%
2026-02-22T12:34:35Z,sxng-exp-18,0.00%,105.7MiB,200MiB,52.84%
2026-02-22T12:34:35Z,sxng-exp-08,0.00%,106.4MiB,200MiB,53.19%
2026-02-22T12:34:35Z,sxng-exp-04,0.00%,100.8MiB,200MiB,50.40%
2026-02-22T12:34:35Z,sxng-exp-10,0.00%,102.9MiB,200MiB,51.43%
2026-02-22T12:34:35Z,sxng-exp-11,0.00%,106.6MiB,200MiB,53.32%
2026-02-22T12:34:35Z,sxng-exp-13,0.00%,101.9MiB,200MiB,50.95%
2026-02-22T12:34:35Z,sxng-exp-17,0.00%,102.6MiB,200MiB,51.29%
2026-02-22T12:34:35Z,sxng-exp-19,0.00%,108MiB,200MiB,54.01%
2026-02-22T12:34:35Z,sxng-exp-07,0.00%,103.7MiB,200MiB,51.83%
2026-02-22T12:34:35Z,sxng-exp-16,0.00%,100.6MiB,200MiB,50.30%
2026-02-22T12:34:35Z,sxng-exp-12,0.00%,103.1MiB,200MiB,51.53%
2026-02-22T12:34:35Z,sxng-exp-14,0.00%,101.3MiB,200MiB,50.66%
2026-02-22T12:34:35Z,sxng-exp-03,0.00%,100.3MiB,200MiB,50.14%
2026-02-22T12:34:35Z,sxng-exp-01,0.00%,101.8MiB,200MiB,50.91%
2026-02-22T12:34:35Z,sxng-exp-09,0.00%,100.8MiB,200MiB,50.42%
2026-02-22T12:34:35Z,sxng-exp-02,0.00%,105.6MiB,200MiB,52.79%
2026-02-22T12:34:35Z,sxng-exp-06,0.00%,101.2MiB,200MiB,50.58%
2026-02-22T12:34:35Z,sxng-exp-20,3.30%,101.6MiB,200MiB,50.82%
2026-02-22T12:34:35Z,sxng-exp-05,0.00%,98.73MiB,200MiB,49.36%
2026-02-22T12:34:41Z,sxng-exp-15,0.00%,99.78MiB,200MiB,49.89%
2026-02-22T12:34:41Z,sxng-exp-18,0.00%,105.3MiB,200MiB,52.66%
2026-02-22T12:34:41Z,sxng-exp-08,0.00%,106.4MiB,200MiB,53.19%
2026-02-22T12:34:41Z,sxng-exp-04,0.00%,100.8MiB,200MiB,50.40%
2026-02-22T12:34:41Z,sxng-exp-10,0.00%,102.9MiB,200MiB,51.43%
2026-02-22T12:34:41Z,sxng-exp-11,0.00%,106.6MiB,200MiB,53.32%
2026-02-22T12:34:41Z,sxng-exp-13,0.00%,101.6MiB,200MiB,50.82%
2026-02-22T12:34:41Z,sxng-exp-17,0.00%,102.1MiB,200MiB,51.07%
2026-02-22T12:34:41Z,sxng-exp-19,0.00%,108MiB,200MiB,54.01%
2026-02-22T12:34:41Z,sxng-exp-07,0.00%,103.7MiB,200MiB,51.83%
2026-02-22T12:34:41Z,sxng-exp-16,0.00%,100.5MiB,200MiB,50.26%
2026-02-22T12:34:41Z,sxng-exp-12,0.00%,102.8MiB,200MiB,51.40%
2026-02-22T12:34:41Z,sxng-exp-14,0.00%,101.3MiB,200MiB,50.66%
2026-02-22T12:34:41Z,sxng-exp-03,0.00%,100.3MiB,200MiB,50.14%
2026-02-22T12:34:41Z,sxng-exp-01,0.00%,103.9MiB,200MiB,51.96%
2026-02-22T12:34:41Z,sxng-exp-09,0.00%,100.9MiB,200MiB,50.43%
2026-02-22T12:34:41Z,sxng-exp-02,2.50%,107.6MiB,200MiB,53.80%
2026-02-22T12:34:41Z,sxng-exp-06,0.00%,101.2MiB,200MiB,50.58%
2026-02-22T12:34:41Z,sxng-exp-20,0.00%,101.4MiB,200MiB,50.69%
2026-02-22T12:34:41Z,sxng-exp-05,0.00%,98.73MiB,200MiB,49.36%
2026-02-22T12:34:47Z,sxng-exp-15,0.00%,99.77MiB,200MiB,49.88%
2026-02-22T12:34:47Z,sxng-exp-18,0.00%,105.3MiB,200MiB,52.63%
2026-02-22T12:34:47Z,sxng-exp-08,0.00%,106.4MiB,200MiB,53.19%
2026-02-22T12:34:47Z,sxng-exp-04,0.00%,100.8MiB,200MiB,50.40%
2026-02-22T12:34:47Z,sxng-exp-10,0.00%,103.1MiB,200MiB,51.55%
2026-02-22T12:34:47Z,sxng-exp-11,0.00%,106.6MiB,200MiB,53.32%
2026-02-22T12:34:47Z,sxng-exp-13,0.00%,101.6MiB,200MiB,50.82%
2026-02-22T12:34:47Z,sxng-exp-17,0.00%,102.1MiB,200MiB,51.06%
2026-02-22T12:34:47Z,sxng-exp-19,0.00%,108MiB,200MiB,54.01%
2026-02-22T12:34:47Z,sxng-exp-07,0.00%,103.7MiB,200MiB,51.83%
2026-02-22T12:34:47Z,sxng-exp-16,0.00%,100.5MiB,200MiB,50.26%
2026-02-22T12:34:47Z,sxng-exp-12,0.00%,102.8MiB,200MiB,51.40%
2026-02-22T12:34:47Z,sxng-exp-14,0.00%,101.3MiB,200MiB,50.66%
2026-02-22T12:34:47Z,sxng-exp-03,0.00%,103MiB,200MiB,51.49%
2026-02-22T12:34:47Z,sxng-exp-01,0.00%,103.6MiB,200MiB,51.78%
2026-02-22T12:34:47Z,sxng-exp-09,0.00%,100.9MiB,200MiB,50.43%
2026-02-22T12:34:47Z,sxng-exp-02,0.00%,107.1MiB,200MiB,53.57%
2026-02-22T12:34:47Z,sxng-exp-06,0.00%,101.2MiB,200MiB,50.58%
2026-02-22T12:34:47Z,sxng-exp-20,0.00%,101.3MiB,200MiB,50.63%
2026-02-22T12:34:47Z,sxng-exp-05,0.00%,98.73MiB,200MiB,49.36%
2026-02-22T12:34:53Z,sxng-exp-15,0.00%,99.77MiB,200MiB,49.88%
2026-02-22T12:34:53Z,sxng-exp-18,0.00%,105.5MiB,200MiB,52.76%
2026-02-22T12:34:53Z,sxng-exp-08,0.00%,106.4MiB,200MiB,53.19%
2026-02-22T12:34:53Z,sxng-exp-04,0.00%,103.9MiB,200MiB,51.96%
2026-02-22T12:34:53Z,sxng-exp-10,0.00%,102.9MiB,200MiB,51.43%
2026-02-22T12:34:53Z,sxng-exp-11,0.00%,106.7MiB,200MiB,53.33%
2026-02-22T12:34:53Z,sxng-exp-13,0.00%,101.6MiB,200MiB,50.82%
2026-02-22T12:34:53Z,sxng-exp-17,0.00%,102.1MiB,200MiB,51.06%
2026-02-22T12:34:53Z,sxng-exp-19,0.00%,108.3MiB,200MiB,54.13%
2026-02-22T12:34:53Z,sxng-exp-07,0.00%,103.7MiB,200MiB,51.83%
2026-02-22T12:34:53Z,sxng-exp-16,0.00%,100.5MiB,200MiB,50.26%
2026-02-22T12:34:53Z,sxng-exp-12,0.00%,102.8MiB,200MiB,51.40%
2026-02-22T12:34:53Z,sxng-exp-14,0.00%,101.3MiB,200MiB,50.66%
2026-02-22T12:34:53Z,sxng-exp-03,0.00%,102.1MiB,200MiB,51.03%
2026-02-22T12:34:53Z,sxng-exp-01,0.00%,103.6MiB,200MiB,51.78%
2026-02-22T12:34:53Z,sxng-exp-09,0.00%,100.9MiB,200MiB,50.43%
2026-02-22T12:34:53Z,sxng-exp-02,0.00%,106.3MiB,200MiB,53.17%
2026-02-22T12:34:53Z,sxng-exp-06,0.00%,101.2MiB,200MiB,50.58%
2026-02-22T12:34:53Z,sxng-exp-20,0.00%,101.1MiB,200MiB,50.57%
2026-02-22T12:34:53Z,sxng-exp-05,0.00%,100.9MiB,200MiB,50.44%
2026-02-22T12:34:59Z,sxng-exp-15,0.00%,99.77MiB,200MiB,49.88%
2026-02-22T12:34:59Z,sxng-exp-18,0.00%,105.3MiB,200MiB,52.64%
2026-02-22T12:34:59Z,sxng-exp-08,0.00%,106.4MiB,200MiB,53.19%
2026-02-22T12:34:59Z,sxng-exp-04,0.00%,103.3MiB,200MiB,51.65%
2026-02-22T12:34:59Z,sxng-exp-10,0.00%,102.9MiB,200MiB,51.43%
2026-02-22T12:34:59Z,sxng-exp-11,0.00%,106.7MiB,200MiB,53.33%
2026-02-22T12:34:59Z,sxng-exp-13,0.00%,101.7MiB,200MiB,50.83%
2026-02-22T12:34:59Z,sxng-exp-17,0.00%,102.1MiB,200MiB,51.06%
2026-02-22T12:34:59Z,sxng-exp-19,0.00%,108MiB,200MiB,54.01%
2026-02-22T12:34:59Z,sxng-exp-07,0.00%,105.6MiB,200MiB,52.80%
2026-02-22T12:34:59Z,sxng-exp-16,0.00%,100.5MiB,200MiB,50.26%
2026-02-22T12:34:59Z,sxng-exp-12,0.00%,102.8MiB,200MiB,51.40%
2026-02-22T12:34:59Z,sxng-exp-14,0.00%,101.3MiB,200MiB,50.66%
2026-02-22T12:34:59Z,sxng-exp-03,0.00%,101.8MiB,200MiB,50.90%
2026-02-22T12:34:59Z,sxng-exp-01,0.00%,103.6MiB,200MiB,51.78%
2026-02-22T12:34:59Z,sxng-exp-09,0.00%,100.9MiB,200MiB,50.43%
2026-02-22T12:34:59Z,sxng-exp-02,0.00%,106.3MiB,200MiB,53.17%
2026-02-22T12:34:59Z,sxng-exp-06,0.00%,102MiB,200MiB,51.01%
2026-02-22T12:34:59Z,sxng-exp-20,0.00%,101.1MiB,200MiB,50.57%
2026-02-22T12:34:59Z,sxng-exp-05,0.00%,100.4MiB,200MiB,50.18%
2026-02-22T12:35:05Z,sxng-exp-15,0.00%,99.77MiB,200MiB,49.88%
2026-02-22T12:35:05Z,sxng-exp-18,0.00%,105.3MiB,200MiB,52.64%
2026-02-22T12:35:05Z,sxng-exp-08,0.00%,110.8MiB,200MiB,55.39%
2026-02-22T12:35:05Z,sxng-exp-04,0.00%,103.2MiB,200MiB,51.58%
2026-02-22T12:35:05Z,sxng-exp-10,0.00%,102.9MiB,200MiB,51.43%
2026-02-22T12:35:05Z,sxng-exp-11,0.00%,106.7MiB,200MiB,53.33%
2026-02-22T12:35:05Z,sxng-exp-13,0.00%,101.7MiB,200MiB,50.83%
2026-02-22T12:35:05Z,sxng-exp-17,0.00%,102.1MiB,200MiB,51.06%
2026-02-22T12:35:05Z,sxng-exp-19,0.00%,108MiB,200MiB,54.01%
2026-02-22T12:35:05Z,sxng-exp-07,0.00%,105.1MiB,200MiB,52.55%
2026-02-22T12:35:05Z,sxng-exp-16,0.00%,100.8MiB,200MiB,50.39%
2026-02-22T12:35:05Z,sxng-exp-12,0.00%,102.8MiB,200MiB,51.40%
2026-02-22T12:35:05Z,sxng-exp-14,0.00%,101.3MiB,200MiB,50.66%
2026-02-22T12:35:05Z,sxng-exp-03,0.00%,101.8MiB,200MiB,50.90%
2026-02-22T12:35:05Z,sxng-exp-01,0.00%,103.6MiB,200MiB,51.78%
2026-02-22T12:35:05Z,sxng-exp-09,0.00%,102.5MiB,200MiB,51.27%
2026-02-22T12:35:05Z,sxng-exp-02,0.00%,106.5MiB,200MiB,53.24%
2026-02-22T12:35:05Z,sxng-exp-06,0.00%,101.6MiB,200MiB,50.80%
2026-02-22T12:35:05Z,sxng-exp-20,0.00%,101.1MiB,200MiB,50.57%
2026-02-22T12:35:05Z,sxng-exp-05,0.00%,100.4MiB,200MiB,50.18%
2026-02-22T12:35:11Z,sxng-exp-15,0.00%,99.77MiB,200MiB,49.88%
2026-02-22T12:35:11Z,sxng-exp-18,0.00%,105.5MiB,200MiB,52.76%
2026-02-22T12:35:11Z,sxng-exp-08,0.00%,110MiB,200MiB,55.01%
2026-02-22T12:35:11Z,sxng-exp-04,0.00%,103.2MiB,200MiB,51.58%
2026-02-22T12:35:11Z,sxng-exp-10,0.00%,103.6MiB,200MiB,51.79%
2026-02-22T12:35:11Z,sxng-exp-11,0.00%,106.7MiB,200MiB,53.33%
2026-02-22T12:35:11Z,sxng-exp-13,0.00%,101.7MiB,200MiB,50.83%
2026-02-22T12:35:11Z,sxng-exp-17,0.00%,102.1MiB,200MiB,51.06%
2026-02-22T12:35:11Z,sxng-exp-19,0.00%,108MiB,200MiB,54.01%
2026-02-22T12:35:11Z,sxng-exp-07,0.00%,104.8MiB,200MiB,52.41%
2026-02-22T12:35:11Z,sxng-exp-16,0.00%,100.5MiB,200MiB,50.27%
2026-02-22T12:35:11Z,sxng-exp-12,0.00%,102.8MiB,200MiB,51.40%
2026-02-22T12:35:11Z,sxng-exp-14,0.00%,101.3MiB,200MiB,50.66%
2026-02-22T12:35:11Z,sxng-exp-03,0.00%,101.6MiB,200MiB,50.78%
2026-02-22T12:35:11Z,sxng-exp-01,0.00%,103.6MiB,200MiB,51.78%
2026-02-22T12:35:11Z,sxng-exp-09,0.00%,101.3MiB,200MiB,50.65%
2026-02-22T12:35:11Z,sxng-exp-02,0.00%,106MiB,200MiB,53.00%
2026-02-22T12:35:11Z,sxng-exp-06,0.00%,101.6MiB,200MiB,50.80%
2026-02-22T12:35:11Z,sxng-exp-20,0.00%,101.1MiB,200MiB,50.57%
2026-02-22T12:35:11Z,sxng-exp-05,0.00%,100.4MiB,200MiB,50.18%
2026-02-22T12:35:18Z,sxng-exp-15,15.10%,99.55MiB,200MiB,49.78%
2026-02-22T12:35:18Z,sxng-exp-18,15.28%,104.9MiB,200MiB,52.47%
2026-02-22T12:35:18Z,sxng-exp-08,25.87%,104.1MiB,200MiB,52.05%
2026-02-22T12:35:18Z,sxng-exp-04,15.60%,102.7MiB,200MiB,51.34%
2026-02-22T12:35:18Z,sxng-exp-10,15.70%,103.3MiB,200MiB,51.64%
2026-02-22T12:35:18Z,sxng-exp-11,25.58%,100.8MiB,200MiB,50.42%
2026-02-22T12:35:18Z,sxng-exp-13,15.88%,101.3MiB,200MiB,50.66%
2026-02-22T12:35:18Z,sxng-exp-17,30.66%,102.1MiB,200MiB,51.03%
2026-02-22T12:35:18Z,sxng-exp-19,14.23%,102.5MiB,200MiB,51.25%
2026-02-22T12:35:18Z,sxng-exp-07,15.00%,104.8MiB,200MiB,52.41%
2026-02-22T12:35:18Z,sxng-exp-16,13.20%,100.2MiB,200MiB,50.09%
2026-02-22T12:35:18Z,sxng-exp-12,29.52%,97.65MiB,200MiB,48.83%
2026-02-22T12:35:18Z,sxng-exp-14,15.66%,101MiB,200MiB,50.51%
2026-02-22T12:35:18Z,sxng-exp-03,15.72%,101.3MiB,200MiB,50.63%
2026-02-22T12:35:18Z,sxng-exp-01,16.21%,103.3MiB,200MiB,51.66%
2026-02-22T12:35:18Z,sxng-exp-09,15.73%,101MiB,200MiB,50.51%
2026-02-22T12:35:18Z,sxng-exp-02,18.56%,99.93MiB,200MiB,49.96%
2026-02-22T12:35:18Z,sxng-exp-06,21.14%,101.3MiB,200MiB,50.67%
2026-02-22T12:35:18Z,sxng-exp-20,25.15%,100.8MiB,200MiB,50.42%
2026-02-22T12:35:18Z,sxng-exp-05,0.00%,100.4MiB,200MiB,50.18%
2026-02-22T12:35:30Z,searxng,0.00%,281.4MiB,31.01GiB,0.89%
2026-02-22T12:35:30Z,ragbag-backend-1,0.24%,271MiB,31.01GiB,0.85%
2026-02-22T12:35:30Z,ragbag-mcp-1,3.36%,234.9MiB,31.01GiB,0.74%
2026-02-22T12:35:30Z,caddy-caddy-1,0.03%,48.3MiB,31.01GiB,0.15%
2026-02-22T12:35:30Z,ragbag-qdrant-1,0.16%,577.5MiB,31.01GiB,1.82%
2026-02-22T12:35:42Z,searxng,0.00%,281.4MiB,31.01GiB,0.89%
2026-02-22T12:35:42Z,ragbag-backend-1,0.20%,271MiB,31.01GiB,0.85%
2026-02-22T12:35:42Z,ragbag-mcp-1,3.21%,235.4MiB,31.01GiB,0.74%
2026-02-22T12:35:42Z,caddy-caddy-1,0.00%,48.3MiB,31.01GiB,0.15%
2026-02-22T12:35:42Z,ragbag-qdrant-1,0.13%,577.5MiB,31.01GiB,1.82%
2026-02-22T12:35:54Z,searxng,0.00%,281.4MiB,31.01GiB,0.89%
2026-02-22T12:35:54Z,ragbag-backend-1,0.21%,271MiB,31.01GiB,0.85%
2026-02-22T12:35:54Z,ragbag-mcp-1,3.09%,235.6MiB,31.01GiB,0.74%
2026-02-22T12:35:54Z,caddy-caddy-1,0.00%,48.3MiB,31.01GiB,0.15%
2026-02-22T12:35:54Z,ragbag-qdrant-1,0.15%,577.7MiB,31.01GiB,1.82%
