2026-02-22T12:14:12Z,_system_mem,31757,4035,19113,27721
2026-02-22T12:14:25Z,_system_mem,31757,4021,19127,27736
2026-02-22T12:14:37Z,_system_mem,31757,3977,19171,27779
2026-02-22T12:14:49Z,_system_mem,31757,3975,19173,27781
2026-02-22T12:15:01Z,_system_mem,31757,3975,19173,27781
2026-02-22T12:15:13Z,_system_mem,31757,3970,19178,27786
2026-02-22T12:15:25Z,_system_mem,31757,3971,19177,27786
2026-02-22T12:15:37Z,_system_mem,31757,3970,19178,27787
2026-02-22T12:15:49Z,_system_mem,31757,3963,19185,27793
2026-02-22T12:16:02Z,_system_mem,31757,3966,19182,27790
2026-02-22T12:16:14Z,_system_mem,31757,3963,19185,27793
2026-02-22T12:16:26Z,_system_mem,31757,3958,19190,27799
2026-02-22T12:16:38Z,_system_mem,31757,3959,19189,27797
2026-02-22T12:16:50Z,_system_mem,31757,3968,19180,27789
2026-02-22T12:17:02Z,_system_mem,31757,3964,19184,27792
2026-02-22T12:17:14Z,_system_mem,31757,3958,19190,27798
2026-02-22T12:17:27Z,_system_mem,31757,3945,19203,27812
2026-02-22T12:17:39Z,_system_mem,31757,3929,19219,27828
2026-02-22T12:17:51Z,_system_mem,31757,3930,19218,27826
2026-02-22T12:18:03Z,_system_mem,31757,3940,19208,27817
2026-02-22T12:18:15Z,_system_mem,31757,3935,19212,27821
2026-02-22T12:18:27Z,_system_mem,31757,3934,19214,27823
2026-02-22T12:18:39Z,_system_mem,31757,3936,19211,27820
2026-02-22T12:18:51Z,_system_mem,31757,3937,19211,27820
2026-02-22T12:19:04Z,_system_mem,31757,3935,19212,27821
2026-02-22T12:19:16Z,_system_mem,31757,3928,19220,27829
2026-02-22T12:19:28Z,_system_mem,31757,3938,19209,27818
2026-02-22T12:19:40Z,_system_mem,31757,3933,19215,27824
2026-02-22T12:19:52Z,_system_mem,31757,3929,19218,27827
2026-02-22T12:20:04Z,_system_mem,31757,3933,19215,27824
2026-02-22T12:20:16Z,_system_mem,31757,3936,19211,27820
2026-02-22T12:20:28Z,_system_mem,31757,3938,19210,27819
2026-02-22T12:20:41Z,_system_mem,31757,3927,19220,27829
2026-02-22T12:20:53Z,_system_mem,31757,3939,19208,27817
2026-02-22T12:21:05Z,_system_mem,31757,3943,19205,27814
2026-02-22T12:21:17Z,_system_mem,31757,3944,19204,27813
2026-02-22T12:21:29Z,_system_mem,31757,3943,19204,27813
2026-02-22T12:21:41Z,_system_mem,31757,3930,19218,27827
2026-02-22T12:21:53Z,_system_mem,31757,3939,19209,27818
2026-02-22T12:22:05Z,_system_mem,31757,3936,19212,27821
2026-02-22T12:22:18Z,_system_mem,31757,3936,19211,27820
2026-02-22T12:22:30Z,_system_mem,31757,3938,19209,27818
2026-02-22T12:22:42Z,_system_mem,31757,3933,19214,27824
2026-02-22T12:22:54Z,_system_mem,31757,3933,19214,27823
2026-02-22T12:23:06Z,_system_mem,31757,3930,19217,27827
2026-02-22T12:23:18Z,_system_mem,31757,3929,19218,27827
2026-02-22T12:23:30Z,_system_mem,31757,3935,19212,27821
2026-02-22T12:23:42Z,_system_mem,31757,3935,19212,27821
2026-02-22T12:23:55Z,_system_mem,31757,3934,19214,27823
2026-02-22T12:24:07Z,_system_mem,31757,3948,19199,27808
2026-02-22T12:24:19Z,_system_mem,31757,3942,19205,27815
2026-02-22T12:24:31Z,_system_mem,31757,3937,19210,27819
2026-02-22T12:24:43Z,_system_mem,31757,3938,19209,27818
2026-02-22T12:24:55Z,_system_mem,31757,3932,19215,27824
2026-02-22T12:25:07Z,_system_mem,31757,3936,19211,27821
2026-02-22T12:25:19Z,_system_mem,31757,3936,19210,27820
2026-02-22T12:25:32Z,_system_mem,31757,3927,19220,27830
2026-02-22T12:26:00Z,_system_mem,31757,3934,19212,27822
2026-02-22T12:26:12Z,_system_mem,31757,3927,19220,27830
2026-02-22T12:26:24Z,_system_mem,31757,3927,19220,27830
2026-02-22T12:26:36Z,_system_mem,31757,3931,19216,27826
2026-02-22T12:26:48Z,_system_mem,31757,3935,19212,27822
2026-02-22T12:27:00Z,_system_mem,31757,3941,19206,27816
2026-02-22T12:27:12Z,_system_mem,31757,3936,19210,27820
2026-02-22T12:27:25Z,_system_mem,31757,3945,19201,27811
2026-02-22T12:27:37Z,_system_mem,31757,3942,19204,27814
2026-02-22T12:27:49Z,_system_mem,31757,3942,19205,27815
2026-02-22T12:28:01Z,_system_mem,31757,3932,19214,27825
2026-02-22T12:28:13Z,_system_mem,31757,3933,19213,27824
2026-02-22T12:28:25Z,_system_mem,31757,3942,19204,27814
2026-02-22T12:28:37Z,_system_mem,31757,3939,19207,27817
2026-02-22T12:28:49Z,_system_mem,31757,3933,19213,27823
2026-02-22T12:29:02Z,_system_mem,31757,3935,19211,27821
2026-02-22T12:29:14Z,_system_mem,31757,3930,19216,27826
2026-02-22T12:29:26Z,_system_mem,31757,3936,19210,27821
2026-02-22T12:29:38Z,_system_mem,31757,3934,19212,27822
2026-02-22T12:29:50Z,_system_mem,31757,3941,19205,27816
2026-02-22T12:29:56Z,_system_mem,31757,3936,19210,27820
2026-02-22T12:30:02Z,_system_mem,31757,3937,19209,27819
2026-02-22T12:30:08Z,_system_mem,31757,3936,19210,27820
2026-02-22T12:30:14Z,_system_mem,31757,3959,19186,27798
2026-02-22T12:30:20Z,_system_mem,31757,3989,19156,27768
2026-02-22T12:30:27Z,_system_mem,31757,4014,19131,27742
2026-02-22T12:30:32Z,_system_mem,31757,4052,19093,27705
2026-02-22T12:30:39Z,_system_mem,31757,4082,19062,27674
2026-02-22T12:30:45Z,_system_mem,31757,4087,19057,27670
2026-02-22T12:30:51Z,_system_mem,31757,4121,19023,27636
2026-02-22T12:30:57Z,_system_mem,31757,4137,19006,27619
2026-02-22T12:31:03Z,_system_mem,31757,4158,18985,27598
2026-02-22T12:31:09Z,_system_mem,31757,4180,18962,27576
2026-02-22T12:31:15Z,_system_mem,31757,4225,18918,27532
2026-02-22T12:31:21Z,_system_mem,31757,4217,18925,27539
2026-02-22T12:31:27Z,_system_mem,31757,4227,18916,27530
2026-02-22T12:31:33Z,_system_mem,31757,4240,18902,27516
2026-02-22T12:31:39Z,_system_mem,31757,4237,18905,27519
2026-02-22T12:31:45Z,_system_mem,31757,4235,18907,27521
2026-02-22T12:31:51Z,_system_mem,31757,4243,18898,27513
2026-02-22T12:31:57Z,_system_mem,31757,4262,18880,27495
2026-02-22T12:32:04Z,_system_mem,31757,4260,18882,27497
2026-02-22T12:32:09Z,_system_mem,31757,4260,18882,27496
2026-02-22T12:32:16Z,_system_mem,31757,4272,18870,27485
2026-02-22T12:32:22Z,_system_mem,31757,4271,18871,27485
2026-02-22T12:32:28Z,_system_mem,31757,4272,18870,27485
2026-02-22T12:32:34Z,_system_mem,31757,4283,18859,27474
2026-02-22T12:32:40Z,_system_mem,31757,4277,18864,27479
2026-02-22T12:32:46Z,_system_mem,31757,4273,18868,27483
2026-02-22T12:32:52Z,_system_mem,31757,4272,18870,27485
2026-02-22T12:32:58Z,_system_mem,31757,4287,18855,27470
2026-02-22T12:33:04Z,_system_mem,31757,4292,18849,27465
2026-02-22T12:33:10Z,_system_mem,31757,4297,18845,27460
2026-02-22T12:33:16Z,_system_mem,31757,4299,18842,27457
2026-02-22T12:33:22Z,_system_mem,31757,4296,18845,27460
2026-02-22T12:33:28Z,_system_mem,31757,4305,18836,27452
2026-02-22T12:33:34Z,_system_mem,31757,4314,18828,27443
2026-02-22T12:33:41Z,_system_mem,31757,4312,18829,27444
2026-02-22T12:33:46Z,_system_mem,31757,4314,18827,27443
2026-02-22T12:33:53Z,_system_mem,31757,4316,18825,27440
2026-02-22T12:33:59Z,_system_mem,31757,4320,18821,27437
2026-02-22T12:34:05Z,_system_mem,31757,4330,18811,27427
2026-02-22T12:34:11Z,_system_mem,31757,4319,18823,27438
2026-02-22T12:34:17Z,_system_mem,31757,4325,18816,27431
2026-02-22T12:34:23Z,_system_mem,31757,4322,18819,27434
2026-02-22T12:34:29Z,_system_mem,31757,4328,18813,27428
2026-02-22T12:34:35Z,_system_mem,31757,4335,18806,27422
2026-02-22T12:34:41Z,_system_mem,31757,4341,18799,27415
2026-02-22T12:34:47Z,_system_mem,31757,4341,18800,27415
2026-02-22T12:34:53Z,_system_mem,31757,4338,18802,27418
2026-02-22T12:34:59Z,_system_mem,31757,4352,18788,27404
2026-02-22T12:35:05Z,_system_mem,31757,4355,18786,27402
2026-02-22T12:35:11Z,_system_mem,31757,4346,18795,27411
2026-02-22T12:35:18Z,_system_mem,31757,3944,19196,27812
2026-02-22T12:35:30Z,_system_mem,31757,2197,20992,29559
2026-02-22T12:35:42Z,_system_mem,31757,2193,20996,29563
2026-02-22T12:35:54Z,_system_mem,31757,2185,21004,29571
